INN,Brand name,Synonyms,Phase,Approval,SMILES,ChEMBL,PDB
Abemaciclib,Verzenio;Verzenios,ABEMACICLIB	LY-2835219	LY2835219	VERZENIO	VERZENIOS,4,2017,CCN1CCN(CC1)Cc2ccc(nc2)Nc3ncc(c(n3)c4cc5c(c(c4)F)nc(n5C(C)C)C)F,CHEMBL3301610,6ZV
Abivertinib,,A610	ABIVERTINIB	AC-0010	AC0010	ACEA100610	AVITINIB	EX-ACEA0010,3,,CN1CCN(CC1)c2ccc(cc2F)Nc3nc4c(cc[nH]4)c(n3)Oc5cccc(c5)NC(=O)C=C,CHEMBL4297865,
Abrocitinib,Cibinqo,PF-04965842,4,2022,CCCS(=O)(=O)NC1CC(C1)N(C)c2c3cc[nH]c3ncn2,CHEMBL3655081,D7D
Acalabrutinib,Calquence,ACALABRUTINIB	ACP-196	CALQUENCE,4,2017,CC#CC(=O)N1CCC[C@H]1c2nc(c3n2ccnc3N)c4ccc(cc4)C(=O)Nc5ccccn5,CHEMBL3707348,XQQ
Acalisib,,CAL-120	CAL120	GS-9820	GS9820,2,,C[C@@H](c1nc2ccc(cc2c(=O)n1c3ccccc3)F)Nc4c5c(nc[nH]5)ncn4,CHEMBL4303323,
Acumapimod,,BCT 197	BCT-197	BCT197,2,,Cc1ccc(cc1n2c(c(cn2)C(=O)c3cccc(c3)C#N)N)C(=O)NC4CC4,,
Adavosertib,,ADAVOSERTIB	AZD 1775	AZD-1775	AZD1775	MK-1775	MK1775,2,,CC(C)(c1cccc(n1)n2c3c(cnc(n3)Nc4ccc(cc4)N5CCN(CC5)C)c(=O)n2CC=C)O,CHEMBL1976040,8X7
Afatinib,Gilotrif;Giotrif,AFATINIB	BIBW-2992	BIBW2992	GILOTRIF	GIOTRIF,4,2013,CN(C)C/C=C/C(=O)Nc1cc2c(cc1O[C@H]3CCOC3)ncnc2Nc4ccc(c(c4)Cl)F,CHEMBL1173655,"0WM,0WN"
Afuresertib,,AFURESERTIB	ASB-183	ASB183	GSK-2110183	GSK-2110183C	GSK2110183	GSK2110183C	LAE002,2,,Cn1c(c(cn1)Cl)c2cc(sc2Cl)C(=O)N[C@@H](Cc3cccc(c3)F)CN,CHEMBL2219422,
Agerafenib,,AB-024	AC-013773	AGERAFENIB	CEP-32496	RXDX 105	RXDX-105,1,,CC(C)(c1cc(no1)NC(=O)Nc2cccc(c2)Oc3c4cc(c(cc4ncn3)OC)OC)C(F)(F)F,CHEMBL2029988,
Alectinib,Alecensa,AF-802	AF802	ALECENSA	ALECTINIB	CH-5424802	CH5424802	RO-5424802	RO5424802,4,2015,CCc1cc2c(cc1N3CCC(CC3)N4CCOCC4)C(c5c(c6ccc(cc6[nH]5)C#N)C2=O)(C)C,CHEMBL1738797,EMH
Alisertib,,ALISERTIB	MLN 8237	MLN-8237	MLN8237,3,,COc1cccc(c1C2=NCc3cnc(nc3-c4c2cc(cc4)Cl)Nc5ccc(c(c5)OC)C(=O)O)F,CHEMBL483158,A5B
Allitinib,,ALL-3	AST-1306,2,,C=CC(=O)Nc1ccc2c(c1)c(ncn2)Nc3ccc(c(c3)Cl)OCc4cccc(c4)F,CHEMBL1947204,
Aumolertinib,Ameile,HS-10296	Almonertinib,4,2020 (NMPA),CN(C)CCN(C)C1C=C(OC)C(=CC=1NC(=O)C=C)NC1N=C(C=CN=1)C1=CN(C2CC2)C2C=CC=CC=21,,
Alofanib,,,1,,Cc1cc([N+](=O)[O-])c(NS(=O)(=O)c2cccc(C(=O)O)c2)cc1-c1cccnc1,CHEMBL4594436,
Alpelisib,Piqray;Vijoice,ALPELISIB	BYL-719	NVP-BYL719	PIQRAY,4,2019,Cc1c(sc(n1)NC(=O)N2CCC[C@H]2C(=O)N)c3ccnc(c3)C(C)(C)C(F)(F)F,CHEMBL2396661,1LT
Altiratinib,,ALTIRATINIB	DCC-2701	DP-5164,1,,c1cc(ccc1NC(=O)C2(CC2)C(=O)Nc3cc(c(cc3F)Oc4ccnc(c4)NC(=O)C5CC5)F)F,CHEMBL3545365,A9I
Alvocidib,,"ALVOCIDIB	FLAVOPIRIDOL	HL 275	HL-275	HMR 1275	HMR-1275	L 86 8275	L-868275	L86-8275	MDL 107,826A	MDL-107826A	NSC-649890	TP-1287 (prodrug form)",3,,CN1CC[C@@H]([C@@H](C1)O)c2c(cc(c3c2oc(cc3=O)c4ccccc4Cl)O)O,CHEMBL428690,CPB
Amcasertib,,AMCASERTIB	BBI-503	BBI503,2,,CCN(CC)CCNC(=O)c1c(c([nH]c1C)/C=C\2/c3cc(ccc3NC2=O)c4csc(n4)c5ccccc5)C,CHEMBL3707349,
Amuvatinib,,AMUVATINIB	HPK 56	HPK-56	HPK56	MP 470	MP-470	MP470,2,,c1ccc2c(c1)c3c(o2)c(ncn3)N4CCN(CC4)C(=S)NCc5ccc6c(c5)OCO6,CHEMBL2103851,
Catequentinib,FOCUS V,AL3818	Anlotinib	ALTN,4,2018 (NMPA),Cc1cc2c([nH]1)ccc(c2F)Oc3ccnc4c3cc(c(c4)OCC5(CC5)N)OC,CHEMBL4303201,
Rivoceranib,Aitan,Apatinib	ALBUMIN PACLITAXEL	CAPECITABINE	CARBOPLATIN	CRYOABLATION	DOCETAXEL	EGAFUR	EMOZOLOMIDE	H20140103	NAVELBINE+AITAN	NO.	OXALIPLATIN	PACLITAXOL	PEMETREXED	SHR-1210	VP-16	XELOX	YN968D1,4,2014 (NMPA),O=C(NC1=CC=C(C=C1)C1(CCCC1)C#N)C1=CC=CN=C1NCC1=CC=NC=C1,CHEMBL3186534,
Apitolisib,,APITOLISIB	G-038390	G-038390.1	GDC-0980	GDC-0980.1	RG-7422	RG7422,2,,Cc1c(sc2c1nc(nc2N3CCOCC3)c4cnc(nc4)N)CN5CCN(CC5)C(=O)[C@H](C)O,CHEMBL1922094,980
Asciminib,Scemblix,ABL-001	ABL001	ABL001-NX	ASCIMINIB	NVP-ABL001,4,2021,c1cc(ccc1NC(=O)c2cc(c(nc2)N3CC[C@H](C3)O)c4ccn[nH]4)OC(F)(F)Cl,CHEMBL4208229,AY7
Avapritinib,Ayvakit,70C366	AVAPRITINIB	AYVAKIT	BLU-285	C-366	X-720776	X720776,4,2020,C[C@](c1ccc(cc1)F)(c2cnc(nc2)N3CCN(CC3)c4c5cc(cn5ncn4)c6cnn(c6)C)N,CHEMBL4204794,
Axitinib,Inlyta,AG-013736	AG-13736	AXITINIB	INLYTA,4,2012,CNC(=O)c1ccccc1Sc2ccc3c(c2)[nH]nc3/C=C/c4ccccn4,CHEMBL1289926,AXI
Bafetinib,,BAFETINIB	CNS-9	INNO-406	NS-187,2,,Cc1ccc(cc1Nc2nccc(n2)c3cncnc3)NC(=O)c4ccc(c(c4)C(F)(F)F)CN5CC[C@@H](C5)N(C)C,CHEMBL206834,406
Balamapimod,,BALAMAPIMOD	MKI-833,1,,Cn1ccnc1Sc2ccc(cc2Cl)Nc3c4cc(c(cc4ncc3C#N)N5CCC(CC5)N6CCCC6)OC,CHEMBL2104954,
Barasertib,,AZD 1152	AZD-1152	AZD1152	BARASERTIB,3,,CCN(CCCOc1ccc2c(c1)ncnc2Nc3cc(n[nH]3)CC(=O)Nc4cccc(c4)F)CCOP(=O)(O)O,CHEMBL415049,
Baricitinib,Olumiant,BARICITINIB	INCB-028050	INCB-28050	INCB028050	LY-3009104	LY3009104	OLUMIANT,4,2017,CCS(=O)(=O)N1CC(C1)(CC#N)n2cc(cn2)c3c4cc[nH]c4ncn3,CHEMBL2105759,3JW
Belvarafenib,,HM95573	GDC-5573,2,,CC1=C(C2=C(C=C1)C(=NC=C2)NC3=C(C(=CC=C3)Cl)F)NC(=O)C4=CSC5=C4N=CN=C5N,CHEMBL3977543,V1Y
Bemcentinib,,BEMCENTINIB	BGB 324	BGB-324	BGB324	CS-1046	HY-15150	KB-80319	QC-11751	R 428	R-428	R428	SYN-1131	SYN1131	W-5845,2,,c1ccc-2c(c1)CCCc3c2nnc(c3)n4c(nc(n4)Nc5ccc6c(c5)CC[C@H](CC6)N7CCCC7)N,CHEMBL3809489,Q8U
Bentamapimod,,AS-602801	BENTAMAPIMOD	PGL-5001,2,,N#CC(c1nc2ccccc2s1)c5nc(OCc3ccc(cc3)CN4CCOCC4)ncc5,CHEMBL3545213,
Berzosertib,,BERZOSERTIB	M-6620	M6620	VE-822	VX-970	VX970,2,,CC(C)S(=O)(=O)c1ccc(cc1)c2cnc(c(n2)c3cc(no3)c4ccc(cc4)CNC)N,CHEMBL3989870,
Bimiralisib,,BIMIRALISIB	NC-B5	NCB5	PI3K-IN-2	PQR-309	PQR309,2,,Nc1cc(C(F)(F)F)c(-c2nc(N3CCOCC3)nc(N4CCOCC4)n2)cn1,CHEMBL4084907,A3W
Binimetinib,Mektovi,ARRY 438162	ARRY-162	ARRY-438162	BINIMETINIB	MEK-162	MEK162	MEKTOVI	NVP-MEK162,4,2018,Cn1cnc2c1cc(c(c2F)Nc3ccc(cc3F)Br)C(=O)NOCCO,CHEMBL3187723,QO7
Bosutinib,Bosulif,BOSULIF	BOSUTINIB	BOSUTINIB MONOHYDRATE	SK-606	SKI-606,4,2012,CN1CCN(CC1)CCCOc2cc3c(cc2OC)c(c(cn3)C#N)Nc4cc(c(cc4Cl)Cl)OC,CHEMBL288441,DB8
Branebrutinib,,BMS-986195	BRANEBRUTINIB,2,,CC#CC(=O)N[C@H]1CCCN(C1)c2c(cc(c3c2c(c([nH]3)C)C)C(=O)N)F,CHEMBL4297674,LTJ
Brepocitinib,,BREPOCITINIB	PF-06700841,3,,Cn1cc(cn1)Nc2nccc(n2)N3C[C@H]4CC[C@@H](C3)N4C(=O)[C@@H]5CC5(F)F,CHEMBL4297477,G4J
Brigatinib,Alunbrig,ALUNBRIG	AP-26113	AP26113	BRIGATINIB,4,2017,CN1CCN(CC1)C2CCN(CC2)c3ccc(c(c3)OC)Nc4ncc(c(n4)Nc5ccccc5P(=O)(C)C)Cl,CHEMBL3545311,6GY
Brivanib,,BMS-540215	BRIVANIB,3,,Cc1cc2c([nH]1)ccc(c2F)Oc3c4c(c(cn4ncn3)OC[C@@H](C)O)C,CHEMBL377300,
Brivanib alaninate,,BMS-582664	BMS-582664-02	BRIVANIB ALANINATE	BRIVANIB L-ALANINE ESTER,3,,Cc1cc2c(F)c(Oc3ncnn4cc(OC[C@@H](C)OC(=O)[C@H](C)N)c(C)c34)ccc2[nH]1,CHEMBL270995,
Buparlisib,,BKM-120	BKM-120NX	BKM120-NX	BUPARLISIB	NVP-BKM-120	NVP-BKM120,3,,c1c(c(cnc1N)c2cc(nc(n2)N3CCOCC3)N4CCOCC4)C(F)(F)F,CHEMBL2017974,SD5
Cabozantinib,Cabometyx;Cometriq,BMS-907351	CABOMETYX	CABOZANTINIB	COMETRIQ	XL-184	XL184,4,2012,COc1cc2c(ccnc2cc1OC)Oc3ccc(cc3)NC(=O)C4(CC4)C(=O)Nc5ccc(cc5)F,CHEMBL2105717,
Canertinib,,CANERTINIB	CI-1033,3,,C=CC(=O)Nc1cc2c(cc1OCCCN3CCOCC3)ncnc2Nc4ccc(c(c4)Cl)F,CHEMBL31965,
Capivasertib,,AZC5363	AZD 5363	AZD-5363	AZD5363	CAPIVASERTIB,3,,c1cc(ccc1[C@H](CCO)NC(=O)C2(CCN(CC2)c3c4cc[nH]c4ncn3)N)Cl,CHEMBL2325741,0XZ
Capmatinib,Tabrecta,CAPMATINIB	INC-280	INC280	INCB-28060	NVP-INC280	NVP-INC280-NX	NYP-INC280-NX,4,2020,CNC(=O)c1ccc(cc1F)c2cnc3ncc(n3n2)Cc4ccc5c(c4)cccn5,CHEMBL3188267,
Cediranib,Recentin,AZD-2171	AZD2171	CEDIRANIB	RECENTIN	ZD-2171,3,,Cc1cc2c([nH]1)ccc(c2F)Oc3c4cc(c(cc4ncn3)OCCCN5CCCC5)OC,CHEMBL491473,
Cenisertib,,AS-703569	R-763,1,,Cc1cc(ccc1N2CCN(CC2)C)Nc3ncc(c(n3)N[C@@H]4[C@@H]5C[C@H]([C@@H]4C(=O)N)C=C5)F,CHEMBL1614709,
Ceralasertib,,AZD6738,3,,CC1COCCN1c2cc(nc(n2)c3cncc4c3cc[nH]4)C5(CC5)S(=N)(=O)C,CHEMBL4285417,
Cerdulatinib,,,2.5,,CCS(=O)(=O)N1CCN(CC1)c2ccc(cc2)Nc3ncc(c(n3)NC4CC4)C(=O)N,CHEMBL4116008,
Ceritinib,Zykadia,CERITINIB	LDK-378	LDK378	NVP-LDK-378-NX	NVP-LDK378-NX	ZYKADIA,4,2014,Cc1cc(c(cc1C2CCNCC2)OC(C)C)Nc3ncc(c(n3)Nc4ccccc4S(=O)(=O)C(C)C)Cl,CHEMBL2403108,4MK
Cobimetinib,Cotellic,COBIMETINIB	COTELLIC	GDC-0623	GDC-0973	RG 7420	RG-7420	RG-7421	RG7420	XL-518,4,2015,c1c(cc(c(c1)Nc2c(c(ccc2C(=O)N3C[C@@](C3)(O)[C@H]4NCCCC4)F)F)F)I,CHEMBL2146883,EUI
Copanlisib,Aliqopa,BAY 80-6946	BAY-80-6946	BAY80-6946	COPANLISIB,4,2017,COc1c(ccc2c1N=C(N3C2=NCC3)NC(=O)c4cnc(nc4)N)OCCCN5CCOCC5,CHEMBL3218576,6E2
Crenolanib,,"ARO 002	ARO-002	CP 868596	CP-868,596	CP-868596	CRENOLANIB",3,,CC1(COC1)COc2ccc3c(c2)ncn3c4ccc5cccc(c5n4)N6CCC(CC6)N,CHEMBL2105728,6T2
Crizotinib,Xalkori,CRIZOTINIB	PF-02341066	PF-2341066	XALKORI,4,2011,C[C@H](c1c(ccc(c1Cl)F)Cl)Oc2cc(cnc2N)c3cnn(c3)C4CCNCC4,CHEMBL601719,VGH
Dabrafenib,Tafinlar,DABRAFENIB	GSK-2118436	GSK-2118436A	GSK2118436	GSK2118436A	TAFINLAR,4,2013,CC(C)(C)c1nc(c(s1)c2ccnc(n2)N)c3cccc(c3F)NS(=O)(=O)c4c(cccc4F)F,CHEMBL2028663,P06
Dacomitinib,Vizimpro,DACOMITINIB	DACOMITINIB HYDRATE	PF-00299804,4,2018,COc1cc2c(cc1NC(=O)/C=C/CN3CCCCC3)c(ncn2)Nc4ccc(c(c4)Cl)F,CHEMBL2110732,1C9
Dactolisib,,BEZ-235	BEZ235	DACTOLISIB	NVP-BEZ235	NVP-BEZ235-NX,3,,CC(C)(C#N)c1ccc(cc1)n2c3c4cc(ccc4ncc3n(c2=O)C)c5cc6ccccc6nc5,CHEMBL1879463,
Danusertib,,DANUSERTIB	PHA-739358,2,,CN1CCN(CC1)c2ccc(cc2)C(=O)Nc3c4c([nH]n3)CN(C4)C(=O)[C@@H](c5ccccc5)OC,CHEMBL402548,627
Darovasertib,,DAROVASERTIB	IDE-196	IDE196	LXS-196	LXS196,2,,CC1(N)CCN(c2cccnc2NC(=O)c2nc(-c3ncccc3C(F)(F)F)cnc2N)CC1,CHEMBL3982723,
Dasatinib,Dasatinib;Sprycel,BMS-354825	BMS-354825 HYDRATE	BMS-354825-03	DASATINIB	DASATINIB HYDRATE	DASATINIB MONOHYDRATE	SPRYCEL,4,2006,Cc1cccc(c1NC(=O)c2cnc(s2)Nc3cc(nc(n3)C)N4CCN(CC4)CCO)Cl,CHEMBL1421,1N1
Decernotinib,,ADELATINIB	DECERNOTINIB	VRT-831509	VX-509,2,,CC[C@](C)(C(=O)NCC(F)(F)F)Nc1ccnc(n1)c2c[nH]c3c2cccn3,CHEMBL3039513,VJK
Defactinib,,DEFACTINIB	PF-04554878	VS-6063,2,,CNC(=O)c1ccc(cc1)Nc2ncc(c(n2)NCc3c(nccn3)N(C)S(=O)(=O)C)C(F)(F)F,CHEMBL3137331,7KD
Delgocitinib,Corectim,JTE-052	JTE-052A	LEO 124249	LEO-124249	LEO 124249A	LEO-124249A,4,2020 (PMDA),C[C@H]1CN(C(=O)CC#N)[C@]12CCN(c1ncnc3[nH]ccc13)C2,CHEMBL3689518,FHX
Derazantinib,,ARQ 087	ARQ-087	ARQ087	DERAZANTINIB,2,,COCCNCCc1cccc(c1)Nc2ncc3c(n2)-c4ccccc4[C@@H](C3)c5ccccc5F,CHEMBL4297187,
Dezapelisib,,DEZAPELISIB	INCB040093,0,,Cc1csc2n1c(=O)c(c(n2)[C@H](C)Nc3c4c([nH]cn4)ncn3)c5cccc(c5)F,CHEMBL2216863,
Dilmapimod,,DILMAPIMOD	GW-681323	SB-681323	SB681323,2,,Cc1cc(ccc1c2c3ccc(=O)n(c3nc(n2)NC(CO)CO)c4c(cccc4F)F)F,CHEMBL2103838,
Dinaciclib,,DINACICLIB	MK-7965	SCH 727965	SCH-727965,3,,CCc1cnn2c1nc(cc2NCc3ccc[n+](c3)[O-])N4CCCC[C@H]4CCO,CHEMBL2103840,1QK
Doramapimod,,BIRB 796 BS	BIRB-796	BIRB-796 BS	DORAMAPIMOD,2,,Cc1ccc(cc1)n2c(cc(n2)C(C)(C)C)NC(=O)Nc3ccc(c4c3cccc4)OCCN5CCOCC5,CHEMBL103667,B96
Dovitinib,,CHIR-258	DOVITINIB	GFKI-258	NVP-TKI258	TKI-258,3,,CN1CCN(CC1)c2ccc3c(c2)[nH]c(n3)c4c(c5c(cccc5F)[nH]c4=O)N,CHEMBL522892,38O
Dubermatinib,,DUBERMATINIB	HCL-2084	TP 0903	TP-0903	TP0903,1.5,,CN1CCN(CC1)Cc2ccc(cc2)Nc3ncc(c(n3)Nc4ccccc4S(=O)(=O)N(C)C)Cl,CHEMBL2022968,
Duvelisib,Copiktra,COPIKTRA	DUVELISIB	INK-1147	INK-1197	IPI-145,4,2018,C[C@@H](c1cc2cccc(c2c(=O)n1c3ccccc3)Cl)Nc4c5c([nH]cn5)ncn4,CHEMBL3039502,
Ebvaciclib,,EBVACICLIB	PF-06873600,2,,C[C@@]1(O)CCC[C@H]1n1c(=O)c(C(F)F)cc2cnc(NC3CCN(S(C)(=O)=O)CC3)nc21,CHEMBL4446357,WG1
Edicotinib,,EDICOTINIB	JNJ-40346527,2,,CC1(C)CC=C(c2nc(C3CC(C)(C)OC(C)(C)C3)ccc2NC(=O)c4nc(C#N)c[nH]4)CC1,CHEMBL3674570,
Edralbrutinib,,SHR-1459	SHR1459	TG-1701	TG1701,1,,CC#CC(=O)N1CC[C@@H](n2cc(-c3ccc(Oc4c(F)cccc4F)cc3)c3c(N)n[nH]c(=O)c32)C1,CHEMBL4650338,
Elimusertib,,BAY 1895344	BAY-1895344	BAY1895344,1.5,,C[C@@H]1COCCN1c1cc(-c2ccnn2C)c2ccnc(-c3ccn[nH]3)c2n1,CHEMBL4647810,
Empesertib,,(-)-BAY-1161909	BAY 1161909	MPS1-IN-5,1,,C[C@H](c1ccc(cc1)F)C(=O)Nc2ccc(cc2)c3ccc4nc(nn4c3)Nc5ccc(cc5OC)S(=O)(=O)C,CHEMBL4303241,8QW
Encorafenib,Braftovi,BRAFTOVI	ENCORAFENIB	LGX-818	NVP-LGX-818-NXA	NVP-LGX818	NVP-LGX818-NXA,4,2018,C[C@@H](CNc1nccc(n1)c2cn(nc2c3cc(cc(c3F)NS(=O)(=O)C)Cl)C(C)C)NC(=O)OC,CHEMBL3301612,
Ensartinib,,ENSARTINIB	X-396,3,,C[C@@H]1CN(C[C@@H](N1)C)C(=O)c2ccc(cc2)NC(=O)c3cc(c(nn3)N)O[C@H](C)c4c(ccc(c4Cl)F)Cl,CHEMBL4113131,
Entospletinib,,ENTOSPLETINIB	GS-9973	SYK INHIBITOR GS-9973,3,,c1cc(ccc1Nc2c3nccn3cc(n2)c4ccc5cn[nH]c5c4)N6CCOCC6,CHEMBL3265032,CG9
Entrectinib,Rozlytrek,ENTRECTINIB	NMS-E628	ROZLYTREK	RXDX-101,4,2019,CN1CCN(CC1)c2ccc(c(c2)NC3CCOCC3)C(=O)Nc4c5cc(ccc5[nH]n4)Cc6cc(cc(c6)F)F,CHEMBL1983268,YMX
Enzastaurin,Kinenza,ENZASTAURIN	LY-317615	LY317615	DB102	DB-102	AR101,3,,Cn1cc(c2c1cccc2)C3=C(C(=O)NC3=O)c4cn(c5c4cccc5)C6CCN(CC6)Cc7ccccn7,CHEMBL300138,
Erdafitinib,Balversa,BALVERSA	ERDAFITINIB	JNJ-42756493,4,2019,CC(C)NCCN(c1ccc2c(c1)nc(cn2)c3cnn(c3)C)c4cc(cc(c4)OC)OC,CHEMBL3545376,5SF
Erlotinib,Tarceva,"CP-358,774	CP-358774	CP-35877401	ERLOTINIB	OSI-774	R-1415	RG-1415	RO-508231	TARCEVA",4,2004,COCCOc1cc2c(cc1OCCOC)ncnc2Nc3cccc(c3)C#C,CHEMBL553,AQ4
Evobrutinib,,EVOBRUTINIB	M-2951,3,,C=CC(=O)N1CCC(CC1)CNc2c(c(ncn2)N)c3ccc(cc3)Oc4ccccc4,CHEMBL4072833,MZJ
Famitinib,,SHR-1020,3,,CCN(CC)CCN1CCc2c(c(c([nH]2)/C=C\3/c4cc(ccc4NC3=O)F)C)C1=O,CHEMBL1278146,
Fasudil,Eril,AT 877	AT-877	FASUDIL	HA 1077	HA-1077	ZK-258594,4,"1995 (PMDA), 2010 (NMPA)",c1cc2cnccc2c(c1)S(=O)(=O)N3CCCNCC3,CHEMBL38380,M77
Fedratinib,Inrebic,FEDRATINIB	SAR-302503	SAR302503	TG-101348	TG101348,4,2019,Cc1cnc(nc1Nc2cccc(c2)S(=O)(=O)NC(C)(C)C)Nc3ccc(cc3)OCCN4CCCC4,CHEMBL1287853,2TA
Fenebrutinib,,FENEBRUTINIB	G-02599853	G02599853	GDC-0853	RG-7845	RG7845	RO-7010939	RO7010939,3,,C[C@H]1CN(CCN1c2ccc(nc2)Nc3cc(cn(c3=O)C)c4ccnc(c4CO)N5CCn6c(cc7c6CC(C7)(C)C)C5=O)C8COC8,CHEMBL4065122,9AJ
Filgotinib,Jyseleca,FILGOTINIB	G-146034	G146034	GLPG-0634	GLPG0634	GS-6034,4,"2020 (EMA, PMDA)",c1cc(n2c(c1)nc(n2)NC(=O)C3CC3)c4ccc(cc4)CN5CCS(=O)(=O)CC5,CHEMBL3301607,2HB
Flumbatinib,Xinfu,Flumatinib	HH-GV678	HHGV-678,4,2019 (NMPA),Cc1c(cc(cn1)NC(=O)c2ccc(c(c2)C(F)(F)F)CN3CCN(CC3)C)Nc4nccc(n4)c5cccnc5,CHEMBL3545413,
Foretinib,,EXEL-2880	FORETINIB	GSK-089	GSK-1363089	GSK-1363089G	GSK089	GSK1363089G	XL-880	XL880,2,,COc1cc2c(ccnc2cc1OCCCN3CCOCC3)Oc4ccc(cc4F)NC(=O)C5(CC5)C(=O)Nc6ccc(cc6)F,CHEMBL1230609,88Z
Foslinanib,,CVM-1118	FOSLINANIB	TRX 818	TRX-818,2,,COc1ccc2c(c1OP(=O)(O)O)c(=O)cc([nH]2)c3cccc(c3)F,CHEMBL1615993,
Fostamatinib,Tavalisse,FOSTAMATINIB	R-788	R-935788	R788	R935788,4,2018,CC1(C(=O)N(c2c(ccc(n2)Nc3c(cnc(n3)Nc4cc(c(c(c4)OC)OC)OC)F)O1)COP(=O)(O)O)C,CHEMBL2103830,2RC
Fruquintinib,Elunate,HMP-013	HMPL-013,4,2018 (NMPA),Cc1c(c2ccc(cc2o1)Oc3c4cc(c(cc4ncn3)OC)OC)C(=O)NC,CHEMBL4303214,
Futibatinib,Lytgobi,,4,2022,C=CC(=O)N1CC[C@H](n2nc(C#Cc3cc(OC)cc(OC)c3)c3c(N)ncnc32)C1,CHEMBL3701238,TZ0
Galunisertib,,GALUNISERTIB	LY-2157299	LY2157299,2,,Cc1cccc(n1)c2c(c3n(n2)CCC3)c4ccnc5c4cc(cc5)C(=O)N,CHEMBL2364611,
Gandotinib,,GANDOTINIB	LY-2784544	LY2784544,2,,Cc1cc(n[nH]1)Nc2cc(c3nc(c(n3n2)Cc4ccc(cc4F)Cl)C)CN5CCOCC5,CHEMBL2107823,
Gedatolisib,,GEDATOLISIB	PF-05212384	PKI-587,2,,CN(C)C1CCN(CC1)C(=O)c2ccc(cc2)NC(=O)Nc3ccc(cc3)c4nc(nc(n4)N5CCOCC5)N6CCOCC6,CHEMBL592445,VL1
Gefitinib,Iressa,GEFITINIB	IRESSA	ZD-1839	ZD1839,4,2003,COc1cc2c(cc1OCCCN3CCOCC3)c(ncn2)Nc4ccc(c(c4)Cl)F,CHEMBL939,IRE
Gilteritinib,Xospata,ASP-2215	ASP2215	GILTERITINIB,4,2018,CCc1c(nc(c(n1)C(=O)N)Nc2ccc(c(c2)OC)N3CCC(CC3)N4CCN(CC4)C)NC5CCOCC5,CHEMBL3301622,C6F
Glesatinib,,GLESATINIB	MG-90265	MG-90265X	MG90265	MG90265GLY	MG90265H9	MG90265X	MGCD-265	MGCD265,2,,COCCNCc1ccc(nc1)c2cc3c(s2)c(ccn3)Oc4ccc(cc4F)NC(=S)NC(=O)Cc5ccc(cc5)F,CHEMBL3989914,
Gumarontinib,,Glumetinib	SCC244	SCC-244,1,,Cn1cc(-c2cnc3cnn(S(=O)(=O)c4cnc5ccc(-c6cnn(C)c6)cn45)c3c2)cn1,CHEMBL4594400,
Golvatinib,,E-7050	E7050	GOLVATINIB,2,,CN1CCN(CC1)C2CCN(CC2)C(=O)Nc3cc(ccn3)Oc4ccc(c(c4)F)NC(=O)C5(CC5)C(=O)Nc6ccc(cc6)F,CHEMBL3039525,GV0
Gusacitinib,,ASN-002	ASN002	EN-3351	EN3351	GUSACITINIB,2,,N#CCC1CCN(c2nc(Nc3ccc(N4CCC(O)CC4)cc3)c3c(=O)[nH]ncc3n2)CC1,CHEMBL4594275,
Henatinib,,,1,,Cc1c([nH]c2c1C(=O)N(CCC2)C[C@@H](CN3CCOCC3)O)/C=C\4/c5cc(ccc5NC4=O)F,CHEMBL1277072,
Ibrutinib,Imbruvica,CRA-032765	IBRUTINIB	IMBRUVICA	PC-32765	PCI 32765	PCI-32765	PCI-32765-00,4,2013,C=CC(=O)N1CCC[C@H](C1)n2c3c(c(n2)c4ccc(cc4)Oc5ccccc5)c(ncn3)N,CHEMBL1873475,"1E8,8E8"
Icotinib,Conmana,BPI-2009H	ICOTINIB,4,2011 (NMPA),C#Cc1cccc(c1)Nc2c3cc4c(cc3ncn2)OCCOCCOCCO4,CHEMBL2087361,
Idelalisib,Zydelig,CAL-101	GS-1101	GS-11CAL-101	IDELALISIB	ZYDELIG,4,2014,CC[C@@H](c1nc2cccc(c2c(=O)n1c3ccccc3)F)Nc4c5c([nH]cn5)ncn4,CHEMBL2216870,40L
Ilginatinib,,NS-018,2,,CC(c1ccc(cc1)F)Nc2cc(cc(n2)Nc3cnccn3)c4cnn(c4)C,,
Ilorasertib,,"A-968660	A-968660.0	ABBOTT-968660	ABT-348	ABT-348, A-968660	ILORASERTIB",2,,c1cc(cc(c1)F)NC(=O)Nc2ccc(cc2)c3csc4c3c(ncc4c5cnn(c5)CCO)N,CHEMBL1980297,
Imatinib,Gleevec,GLEEVEC	IMATINIB	STI-571,4,2001,Cc1ccc(cc1Nc2nccc(n2)c3cccnc3)NC(=O)c4ccc(cc4)CN5CCN(CC5)C,CHEMBL941,STI
Inavolisib,,GDC-0077	GDC0077	RO7113755	RG6114,3,,NC(=O)[C@@H](Nc1ccc2c(c1)OCCn1c2nc(c1)N1C(=O)OC[C@H]1C(F)F)C,CHEMBL4650215,X3N
Infigratinib,Truseltiq,BGJ-398	BGJ398	INFIGRATINIB	MVP-BGJ398	NVP-BGJ398,4,2021,CCN1CCN(CC1)c2ccc(cc2)Nc3cc(ncn3)N(C)C(=O)Nc4c(c(cc(c4Cl)OC)OC)Cl,CHEMBL1852688,07J
Ipatasertib,,GDC-0068	IPATASERTIB	RG-7440	RG7440,3,,C[C@@H]1C[C@H](c2c1c(ncn2)N3CCN(CC3)C(=O)[C@H](CNC(C)C)c4ccc(cc4)Cl)O,CHEMBL2177390,0RF
Itacitinib,,INCB-039110	INCB-39110	INCB039110	ITACITINIB,3,,N#CCC1(n2cc(-c3ncnc4[nH]ccc34)cn2)CN(C5CCN(C(=O)c6ccnc(C(F)(F)F)c6F)CC5)C1,CHEMBL3622820,
Lapatinib,Tykerb;Tyverb,GSK-572016	GW-2016	GW-572016	GW-572016X	GW572016	LAPATINIB	TYVERB,4,2007,CS(=O)(=O)CCNCc1ccc(o1)c2ccc3c(c2)c(ncn3)Nc4ccc(c(c4)Cl)OCc5cccc(c5)F,CHEMBL554,FMM
Larotrectinib,Vitrakvi,ARRY-470	BAY-2757556	BAY2757556	LAROTRECTINIB	LOXO-101,4,2018,c1cc(c(cc1F)[C@H]2CCCN2c3ccn4c(n3)c(cn4)NC(=O)N5CC[C@@H](C5)O)F,CHEMBL3889654,
Lazertinib,Leclaza,GNS-1480	GNS1480	JNJ-73841937	YH-25448	YH25448	C-18112003-G,4,2021 (MFDS),CN(C)Cc1cn(nc1c2ccccc2)c3ccnc(n3)Nc4cc(c(cc4OC)N5CCOCC5)NC(=O)C=C,CHEMBL4558324,
Leniolisib,Joenja,CDZ173-NX	LENIOLISIB,4,2023,CCC(=O)N1CC[C@@H](C1)Nc2c3c(ncn2)CCN(C3)c4cc(c(nc4)OC)C(F)(F)F,CHEMBL3643413,9NQ
Lenvatinib,Kisplyx;Lenvima,E-7080	ER-203492-00	KISPLYX	LENVATINIB	LENVIMA,4,2015,COc1cc2c(cc1C(=O)N)c(ccn2)Oc3ccc(c(c3)Cl)NC(=O)NC4CC4,CHEMBL1289601,LEV
Lerociclib,,G1T38	LEROCICLIB,3,,CC(C)N1CCN(CC1)c2ccc(nc2)Nc3ncc4cc5n(c4n3)C6(CCCCC6)CNC5=O,CHEMBL3904602,
Lestaurtinib,,A-154475	A-154475.0	CEP-701	KT-555	KT-5555	KT5555	LESTAURTINIB	SP-924	SP924	SPM-924,3,,C[C@@]12[C@](C[C@@H](O1)n3c4ccccc4c5c3c6n2c7ccccc7c6c8c5C(=O)NC8)(CO)O,CHEMBL603469,2V9
Lifirafenib,,BGB 283	BGB-283	LIFIRAFENIB,1,,c1cc2c(cc1C(F)(F)F)[nH]c(n2)[C@H]3[C@H]4[C@@H]3Oc5c4cc(cc5)Oc6ccnc7c6CCC(=O)N7,CHEMBL4209157,3K3
Linifanib,,A-741439	ABT-869	AL-39324	LINIFANIB	RG-3635,3,,Cc1ccc(c(c1)NC(=O)Nc2ccc(cc2)c3cccc4c3c(n[nH]4)N)F,CHEMBL223360,
Linsitinib,,ASP-7487	LINSITINIB	OSI-906	OSI-906AA,3,,C[C@]1(C[C@@H](C1)c2n3c(c(ncc3)N)c(n2)c4cc5nc(ccc5cc4)c6ccccc6)O,CHEMBL1091644,
Lorlatinib,Lorbrena;Lorviqua,LORBRENA	LORLATINIB	PF-06463922,4,2018,C[C@@H]1c2cc(ccc2C(=O)N(Cc3c(c(n(n3)C)C#N)-c4cc(c(nc4)N)O1)C)F,CHEMBL3286830,5P8
Losmapimod,,FTX-1821	FTX1821	GSK-AHAB	GSKAHAB	GW-856553	GW-856553X	GW856553X	LOSMAPIMOD,3,,Cc1c(cc(cc1F)C(=O)NC2CC2)c3ccc(cn3)C(=O)NCC(C)(C)C,CHEMBL1088752,
Lucitanib,,AL-3810	CO-3810	E-3810	LUCITANIB	S 80881	S-80881,2,,CNC(=O)c1cccc2c1ccc(c2)Oc3ccnc4c3cc(c(c4)OCC5(CC5)N)OC,CHEMBL2220486,3ZC
Masitinib,Kinavet;Masivet,AB-1010	KINAVET	MASITINIB	MASIVET,3,2008 (EMA-veterinary);2010-15 (FDA-veterinary),Cc1ccc(cc1Nc2nc(cs2)c3cccnc3)NC(=O)c4ccc(cc4)CN5CCN(CC5)C,CHEMBL1908391,G65
Mavelertinib,,MAVELERTINIB	PF-06747775,2,,Cn1cc(c(n1)OC)Nc2c3c(nc(n2)N4C[C@H]([C@@H](C4)F)NC(=O)C=C)n(cn3)C,CHEMBL3989970,8BS
Merestinib,,LY-2801653	LY2801653	MERESTINIB,2,,Cc1ccc(c(=O)n1c2ccc(cc2)F)C(=O)Nc3ccc(c(c3)F)Oc4cc5cnn(c5cc4c6c[nH]nc6)C,CHEMBL3545307,L1X
Midostaurin,Rydapt,CGP 41251	CGP-41251	MIDOSTAURIN	NVP-PKC412	PKC 412	PKC-412	RYDAPT,4,2017,C[C@@]12[C@@H]([C@@H](C[C@@H](O1)n3c4ccccc4c5c3c6n2c7ccccc7c6c8c5C(=O)NC8)N(C)C(=O)c9ccccc9)OC,CHEMBL608533,2K2
Milciclib,,MILCICLIB	PHA 848125	PHA-848125,2,,CC1(Cc2cnc(nc2-c3c1c(nn3C)C(=O)NC)Nc4ccc(cc4)N5CCN(CC5)C)C,CHEMBL564829,P48
Miransertib,,ARQ 092	ARQ-092	MIRANSERTIB,2,,c1ccc(cc1)c2ccc3c(n2)n(c(n3)c4cccnc4N)c5ccc(cc5)C6(CCC6)N,CHEMBL4297188,6S1
Mivavotinib,,MIVAVOTINIB	TAK-659	CB-659,2,,Cn1cc(-c2nc(N[C@@H]3CCCC[C@@H]3N)c(F)c3c2C(=O)NC3)cn1,CHEMBL3979920,7KG
Motesanib,,AMG 706	AMG-706	MOTESANIB,3,,CC1(CNc2c1ccc(c2)NC(=O)c3cccnc3NCc4ccncc4)C,CHEMBL572881,706
Mubritinib,,MUBRITINIB	TAK-165,1,,c1cc(ccc1CCCCn2ccnn2)OCc3coc(n3)/C=C/c4ccc(cc4)C(F)(F)F,CHEMBL1614707,
Naquotinib,,ASP-8273	ASP8273	NAQUOTINIB,3,,CCc1c(nc(c(n1)C(=O)N)Nc2ccc(cc2)N3CCC(CC3)N4CCN(CC4)C)O[C@@H]5CCN(C5)C(=O)C=C,CHEMBL3663929,8RC
Nazartinib,,EGF-816	EGF816	NAZARTINIB	NVP-EGF816-NX,3,,Cc1cc(ccn1)C(=O)Nc2nc3cccc(c3n2[C@@H]4CCCCN(C4)C(=O)/C=C/CN(C)C)Cl,CHEMBL3787344,5XH
Neflamapimod,,"745	NEFLAMAPIMOD	VD-31	VD-31,745	VD-31745	VRT-031745	VX-745",2,,c1cc(c(c(c1)Cl)c2c3ccc(nn3cnc2=O)Sc4ccc(cc4F)F)Cl,CHEMBL119385,52P
Nemiralisib,,GSK-2269557	GSK-2269557A	GSK2269557A	NEMIRALISIB,2,,CC(C)N1CCN(CC1)Cc2cnc(o2)c3cc(cc4c3cn[nH]4)c5cccc6c5cc[nH]6,CHEMBL2216859,VVX
Neratinib,Nerlynx,CDP-820	HKI-272	NERATINIB	WAY-179272,4,2017,CCOc1cc2c(cc1NC(=O)/C=C/CN(C)C)c(c(cn2)C#N)Nc3ccc(c(c3)Cl)OCc4ccccn4,CHEMBL180022,HKI
Netarsudil,Rhopressa,AR-13324,4,2017,Cc1ccc(c(c1)C)C(=O)OCc2ccc(cc2)[C@@H](CN)C(=O)Nc3ccc4cnccc4c3,CHEMBL4594250,
Nilotinib,Tasigna,AMN 107	AMN-107	AMN107	NILOTINIB	TASIGNA,4,2007,Cc1ccc(cc1Nc2nccc(n2)c3cccnc3)C(=O)Nc4cc(cc(c4)n5cc(nc5)C)C(F)(F)F,CHEMBL255863,NIL
Ningetinib,,,1.5,,Cc1c(c(=O)n(n1C)c2ccccc2)C(=O)Nc3ccc(c(c3)F)Oc4ccnc5c4ccc(c5)OCC(C)(C)O,CHEMBL3984441,
Nintedanib,Ofev;Vargatef,BIBF 1120	BIBF-1120	BIBF1120	INTEDANIB	NINTEDANIB	OFEV	VARGATEF,4,2014,CN1CCN(CC1)CC(=O)N(C)c2ccc(cc2)N/C(=C\3/c4ccc(cc4NC3=O)C(=O)OC)/c5ccccc5,CHEMBL502835,XIN
Oclacitinib,,JAKI	OCLACITINIB	PF-03394197,0,,CNS(=O)(=O)C[C@H]1CC[C@@H](CC1)N(c2ncnc3c2cc[nH]3)C,CHEMBL2103874,
Olmutinib,Olita,BI 1482694	BI-1482694	HM-61713	HM61713	OLMUTINIB,4,2016 (MFDS),CN1CCN(CC1)c2ccc(cc2)Nc3nc4ccsc4c(n3)Oc5cccc(c5)NC(=O)C=C,CHEMBL3786343,
Omipalisib,,GSK-2126458	GSK2126458	OMIPALISIB,1,,COc1c(cc(cn1)c2ccc3c(c2)c(ccn3)c4ccnnc4)NS(=O)(=O)c5ccc(cc5F)F,CHEMBL1236962,ZIG
Onvansertib,,NMS-1286937	NMS-P937	ONVANSERTIB	PCM-075,2,,CN1CCN(CC1)c2ccc(c(c2)Nc3ncc4c(n3)-c5c(c(nn5CCO)C(=O)N)CC4)OC(F)(F)F,CHEMBL1738758,937
Opaganib,,ABC 294640	ABC-294640	OPAGANIB,2.5,,c1cc(ccc1C23CC4CC(C2)CC(C4)(C3)C(=O)NCc5ccncc5)Cl,CHEMBL2158685,
Orantinib,,NSC-702827	ORANTINIB	SU-6668	TSU-68,3,,Cc1c(c([nH]c1/C=C\2/c3ccccc3NC2=O)C)CCC(=O)O,CHEMBL274654,SU6
Osimertinib,Tagrisso,AZD-9291	AZD9291	OSIMERTINIB	TAGRISSO	MERELETINIB,4,2015,Cn1cc(c2c1cccc2)c3ccnc(n3)Nc4cc(c(cc4OC)N(C)CCN(C)C)NC(=O)C=C,CHEMBL3353410,"YY3,Q6K"
Pacritinib,Vonjo,ONX-0803	PACRITINIB	SB-1518	SB1518,4,2022,c1cc2cc(c1)-c3ccnc(n3)Nc4ccc(c(c4)COC/C=C/COC2)OCCN5CCCC5,CHEMBL2035187,6T3
Palbociclib,Ibrance,IBRANCE	PALBOCICLIB	PD-0332991,4,2015,Cc1c2cnc(nc2n(c(=O)c1C(=O)C)C3CCCC3)Nc4ccc(cn4)N5CCNCC5,CHEMBL189963,LQQ
Pamapimod,,PAMAPIMOD	R-1503	R1503	RO 4402257	RO-4402257,2,,Cn1c2c(cc(c1=O)Oc3ccc(cc3F)F)cnc(n2)NC(CCO)CCO,CHEMBL1090089,FLW
Panulisib,,,1,,CC(C)(C#N)c1ccc(cn1)n2c3c4cc(ccc4ncc3n(c2=NC#N)C)c5cc(c(nc5)N)C(F)(F)F,,
Parsaclisib,,INCB-050465	INCB050465	PARSACLISIB,3,,CCOc1c(cc(c(c1[C@H]2CC(=O)NC2)F)Cl)[C@H](C)n3c4c(c(n3)C)c(ncn4)N,CHEMBL4297615,
Pazopanib,Votrient,GW786034	PAZOPANIB	VOTRIENT,4,2009,Cc1ccc(cc1S(=O)(=O)N)Nc2nccc(n2)N(C)c3ccc4c(n(nc4c3)C)C,CHEMBL477772,
Peficitinib,Smyraf,ASP-015K	ASP015K	JNJ-54781532,4,2021 (PMDA),c1c[nH]c2c1c(c(cn2)C(=O)N)N[C@@H]3[C@@H]4C[C@@H]5C[C@H]3C[C@@](C5)(C4)O,CHEMBL3137308,9T6
Pelitinib,,EKB-569	PELITINIB	WAY-EKB-569,2,,CCOc1cc2c(cc1NC(=O)/C=C/CN(C)C)c(c(cn2)C#N)Nc3ccc(c(c3)Cl)F,CHEMBL607707,93J
Pemigatinib,Pemazyre,INCB054828	PEMAZYRE	PEMIGATINIB,4,2020,CCN1c2c3cc([nH]c3ncc2CN(C1=O)c4c(c(cc(c4F)OC)OC)F)CN5CCOCC5,CHEMBL4297522,8ZF
Peposertib,,M-3814	Nedisertib	M3814	MSC 2490484A	MSC-2490484A	MSC2490484A,1.5,,COc1ccc(nn1)C(c2cc(c(cc2Cl)F)c3c4ccc(cc4ncn3)N5CCOCC5)O,CHEMBL4297629,1IX
Pexidartinib,Turalio,CML-261	PEXIDARTINIB	PLX-3397	PLX3397,4,2019,c1cc(ncc1Cc2c[nH]c3c2cc(cn3)Cl)NCc4ccc(nc4)C(F)(F)F,CHEMBL3813873,P31
Pexmetinib,,,1,,Cc1ccc(cc1)n2c(cc(n2)C(C)(C)C)NC(=O)NCc3cc(ccc3Oc4ccc5c(c4)cnn5CCO)F,CHEMBL3991932,
Pictilisib,,CDC-0941	GDC 0941	GDC-0941	PICTILISIB	RG-7321,2,,CS(=O)(=O)N1CCN(CC1)Cc2cc3c(s2)c(nc(n3)c4cccc5c4cn[nH]5)N6CCOCC6,CHEMBL521851,GD9
Pilaralisib,,PILARALISIB	SAR-245408	SAR245408	XL-147	XL147,2,,CC(C)(C(=O)Nc1cccc(c1)S(=O)(=O)Nc2c(nc3ccccc3n2)Nc4cc(ccc4Cl)OC)N,CHEMBL3360203,
Pimasertib,,AS 703026	AS-703026	AS703026	EMD 1036239	EMD-1036239	G-02443714	MSC-1936369A	MSC-1936369B	MSC1936369A	AS703026	EMD 1036239	PIMASERTIB,2,,c1cc(c(cc1I)F)Nc2cnccc2C(=O)NC[C@@H](CO)O,CHEMBL2107832,QOA
Ponatinib,Iclusig,AP-24534	AP24534	ICLUSIG	PONATINIB,4,2012,Cc1ccc(cc1C#Cc2cnc3n2nccc3)C(=O)Nc4ccc(c(c4)C(F)(F)F)CN5CCN(CC5)C,CHEMBL1171837,0LI
Poseltinib,,HM71224	LY3337641	POSELTINIB,2,,CN1CCN(CC1)c2ccc(cc2)Nc3nc4ccoc4c(n3)Oc5cccc(c5)NC(=O)C=C,CHEMBL4163691,
Poziotinib,,HM 781-36	HM 781-36B	HM-781-36	HM-781-36B	NOV-120101	POZIOTINIB,3,,COc1cc2c(cc1OC3CCN(CC3)C(=O)C=C)c(ncn2)Nc4ccc(c(c4F)Cl)Cl,CHEMBL3545154,
Pralsetinib,Gavreto,BLU-123244	BLU-667	BLU123244	X-581238	X581238,4,2020,Cc1[nH]nc(c1)Nc2nc(nc(c2)C)[C@H]3CC[C@@](CC3)(OC)C(=O)N[C@H](c4cnc(cc4)n5ncc(c5)F)C,CHEMBL4297597,Q4J
Prexasertib,,LY2606368	PREXASERTIB,2,,COc1cccc(c1c2cc(n[nH]2)Nc3cnc(cn3)C#N)OCCCN,CHEMBL3544911,
Quizartinib,Vanflyta,AC-010220	AC-220	AC010220	AC220	ASP-2689	QUIZARTINIB,4,2023,CC(C)(C)c1cc(no1)NC(=O)Nc2ccc(cc2)c3cn4c5ccc(cc5sc4n3)OCCN6CCOCC6,CHEMBL576982,P30
Rabusertib,,IC-83	LY-2603618	LY2603618	RABUSERTIB,2,,Cc1cc(c(cc1Br)NC(=O)Nc2cnc(cn2)C)OC[C@@H]3CNCCO3,CHEMBL3039517,
Radotinib,Supect,IY5511	RADOTINIB,4,2015 (MFDS),Cc1ccc(cc1Nc2nccc(n2)c3cnccn3)C(=O)Nc4cc(cc(c4)n5cc(nc5)C)C(F)(F)F,CHEMBL4297524,
Ralimetinib,,LSN-2322600	LSN2322600	LY-2228820	LY2228820	LY22288220	RALIMETINIB,2,,CC(C)(C)Cn1c2c(ccc(n2)c3c(nc([nH]3)C(C)(C)C)c4ccc(cc4)F)nc1N,CHEMBL2364626,
Ravoxertinib,,GDC-0994	GDC0994	RAVOXERTINIB	RG-7842,1,,Cn1c(ccn1)Nc2nccc(n2)c3ccn(c(=O)c3)[C@H](CO)c4ccc(c(c4)F)Cl,CHEMBL3544964,6QB
Rebastinib,,DCC-2036	DP-1919	REBASTINIB,2,,CC(C)(C)c1cc(n(n1)c2ccc3c(c2)cccn3)NC(=O)Nc4ccc(cc4F)Oc5ccnc(c5)C(=O)NC,CHEMBL1738757,919
Recilisib,,EX-RAD	ON 01210	ON 01210.NA	ON-01210	RECILISIB,1,,c1cc(ccc1CS(=O)(=O)/C=C/c2ccc(cc2)C(=O)O)Cl,CHEMBL2219421,
Refametinib,,BAY 869766	BAY 8697661	BAY-86-9766	BAY-869766	BAY-8697661	BAY86-9766	RDEA 119	RDEA-119	REFAMETINIB,2,,COc1cc(c(c(c1NS(=O)(=O)C2(CC2)C[C@@H](CO)O)Nc3ccc(cc3F)I)F)F,CHEMBL1236682,VRA
Regorafenib,Stivarga,BAY 73-4506	BAY 73-4506 MONOHYDRATE	BAY-73-4506	BAY-734506	REGORAFENIB	STIVARGA,4,2012,CNC(=O)c1cc(ccn1)Oc2ccc(c(c2)F)NC(=O)Nc3ccc(c(c3)C(F)(F)F)Cl,CHEMBL1946170,
Repotrectinib,,REPOTRECTINIB	EXP-6	TPX-0005	TRX-0005,1.5,,CC1CNC(=O)C2=C3N=C(C=CN3N=C2)NC(C4=C(O1)C=CC(=C4)F)C,CHEMBL4298138,7GI
Ribociclib,Kisqali,LEE-011	LEE-011A	LEE011	LEE011A	NVP-LEE011	RIBOCICLIB,4,2017,CN(C)C(=O)c1cc2cnc(nc2n1C3CCCC3)Nc4ccc(cn4)N5CCNCC5,CHEMBL3545110,6ZZ
Rigosertib,,ON 01910	RIGOSERTIB,3,,COc1ccc(cc1NCC(=O)O)CS(=O)(=O)/C=C/c2c(cc(cc2OC)OC)OC,CHEMBL1241855,6FS
Ripretinib,Qinlock,DCC-2618	QINLOCK	RIPRETINIB,4,2020,CCn1c2cc(ncc2cc(c1=O)c3cc(c(cc3Br)F)NC(=O)Nc4ccccc4)NC,CHEMBL4216467,
Riviciclib,,,2,,CN1CC[C@H]([C@@H]1CO)c2c(cc(c3c2oc(cc3=O)c4ccccc4Cl)O)O,CHEMBL3969723,
Rociletinib,,AVL-301	CNX-419	CO-1686	CS-1631	ROCILETINIB,3,,CC(=O)N1CCN(CC1)c2ccc(c(c2)OC)Nc3ncc(c(n3)Nc4cccc(c4)NC(=O)C=C)C(F)(F)F,CHEMBL3545308,8JC
Rogaratinib,,BAY-1163877	ROGARATINIB,2,,Cc1cc2cc(sc2c(c1)OC)c3c(c(n4c3c(ncn4)N)CN5CCNC(=O)C5)COC,CHEMBL3963485,
Roniciclib,,,2,,C[C@@H](O)[C@@H](C)Oc1nc(Nc2ccc(S(=N)(=O)C3CC3)cc2)ncc1C(F)(F)F,CHEMBL4442620,R0N
Ruboxistaurin,Arxxant,ARXXANT	LY-333531	RUBOXISTAURIN,3,,CN(C)C[C@@H]1CCn2cc(c3c2cccc3)C4=C(c5cn(c6c5cccc6)CCO1)C(=O)NC4=O,CHEMBL91829,LY4
Ruxolitinib,Jakafi;Jakavi;Opzelura,INC-424	INC424	INCB-018424	INCB-18424	INCB018424	JAKAVI	RUXOLITINIB,4,2011,c1c[nH]c2c1c(ncn2)c3cnn(c3)[C@H](CC#N)C4CCCC4,CHEMBL1789941,RXT
Samotolisib,,LY 3023414	LY-3023414	LY3023414	SAMOTOLISIB,2,,C[C@@H](Cn1c2c3cc(ccc3ncc2n(c1=O)C)c4cc(cnc4)C(C)(C)O)OC,CHEMBL4297181,
Sapanisertib,,INK-128	INK128	MLN-0128	MLN0128	SAPANISERTIB	TAK-228	CB-228,2,,CC(C)n1c2c(c(n1)c3ccc4c(c3)nc(o4)N)c(ncn2)N,CHEMBL3545097,FE5
Sapitinib,,AZD-8931	AZD8931	SAPITINIB,2,,CNC(=O)CN1CCC(CC1)Oc2cc3c(cc2OC)ncnc3Nc4cccc(c4F)Cl,CHEMBL2408045,
Saracatinib,,AZ-10353926	AZD-0530	AZD0530	SARACATINIB,3,,CN1CCN(CC1)CCOc2cc3c(c(c2)OC4CCOCC4)c(ncn3)Nc5c(ccc6c5OCO6)Cl,CHEMBL217092,H8H
Selatinib,,,1,,CS(=O)CCNCc1ccc(o1)c2ccc3c(c2)c(ncn3)Nc4ccc(c(c4)Cl)OCc5cccc(c5)F,CHEMBL3040548,
Seletalisib,,SELETALISIB	UCB-5857	UCB5857,2,,c1cc2cc(c(nc2c(c1)Cl)c3ccc[n+](c3)[O-])[C@H](C(F)(F)F)Nc4c5c(cccn5)ncn4,CHEMBL4297648,
Seliciclib,,AL-39256	CYC-202	NSC-701554	SELICICLIB,2,,CC[C@H](CO)Nc1nc(NCc2ccccc2)c3ncn(C(C)C)c3n1,CHEMBL14762,RRC
Selitrectinib,,LOXO-195	SELITRECTINIB,1.5,,C[C@@H]1CCc2c(cc(cn2)F)[C@H]3CCCN3c4ccn5c(n4)c(cn5)C(=O)N1,CHEMBL4297627,
Selonsertib,,GS-4997	SELONSERTIB,3,,Cc1cc(c(cc1n2cc(nc2)C3CC3)C(=O)Nc4cccc(n4)c5nncn5C(C)C)F,CHEMBL3916717,NJV
Selpercatinib,Retevmo,LOXO-292	LY-3527723	LY3527723	RETEVMO	WHO 10967,4,2020,COC1C=CC(CN2C3CN(CC2C3)C2C=CC(=CN=2)C2=CC(=CN3N=CC(C#N)=C32)OCC(C)(C)O)=CN=1,CHEMBL4559134,Q6G
Selumetinib,Koselugo,ARRY-142886	ARRY-886	AZD-6244	AZD6244	SELUMETINIB,4,2020,Cn1cnc2c1cc(c(c2F)Nc3ccc(cc3Cl)Br)C(=O)NOCCO,CHEMBL1614701,3EW
Semaxanib,,NSC-696819	SEMAXANIB	SEMAXINIB	SU-5416	SU005416	SU5416,3,,Cc1cc([nH]c1/C=C\2/c3ccccc3NC2=O)C,CHEMBL276711,X2M
Serabelisib,,AGN-PC-0DB6FL	INK1117	MLN-1117	MLN1117	SERABELISIB	TAK-117,2,,c1cc2c(cc1c3ccc4ncc(n4c3)C(=O)N5CCOCC5)nc(o2)N,CHEMBL3935857,
Silmitasertib,,CX 4945	CX-4945	CX4945	SILMITASERTIB,2,,c1cc(cc(c1)Cl)Nc2c3ccncc3c4ccc(cc4n2)C(=O)O,CHEMBL1230165,3NG
Simotinib,Ximotini,SIM-6802	SIMOTINIB,4,2018 (NMPA),COc1cc2c(cc1OCCN3CC4(CC4)C5(C3)OCCO5)c(ncn2)Nc6ccc(c(c6)Cl)F,CHEMBL3545235,
Simurosertib,,TAK-931,2,,Cc1c(c[nH]n1)c2cc3c(s2)c(=O)[nH]c(n3)C4CC5CCN4CC5,CHEMBL4297644,
Sitravatinib,,MG-516	MG-91516	MGCD-516	MGCD516	SITRAVATINIB,3,,COCCNCc1ccc(nc1)c2cc3c(s2)c(ccn3)Oc4ccc(cc4F)NC(=O)C5(CC5)C(=O)Nc6ccc(cc6)F,CHEMBL3989926,
Solcitinib,,G-154578	G154578	GLPG-0778	GLPG-0788	GLPG0778	GSK-2586184	GSK-2586184A	GSK2586184A	SOLCITINIB,2,,CC1(CN(C1)C(=O)c2ccc(cc2)c3cccc4n3nc(n4)NC(=O)C5CC5)C,CHEMBL3301606,
Sonolisib,,PX-866	SONOLISIB,2,,CC(=O)O[C@@H]1C[C@]2([C@@H](CCC2=O)C3=C1[C@]4([C@H](OC(=O)/C(=C/N(CC=C)CC=C)/C4=C(C3=O)O)COC)C)C,CHEMBL411907,
Sorafenib,Nexavar,BAY 43-9006	BAY-43-9006	NEXAVAR	SORAFENIB,4,2005,CNC(=O)c1cc(ccn1)Oc2ccc(cc2)NC(=O)Nc3ccc(c(c3)C(F)(F)F)Cl,CHEMBL1336,BAX
Sotrastaurin,,AEB-071	AEB071	NVP-AEB071	SOTRASTAURIN,2,,CN1CCN(CC1)c2nc3ccccc3c(n2)C4=C(C(=O)NC4=O)c5c[nH]c6c5cccc6,CHEMBL565612,LW4
Spebrutinib,,AVL-292	CC-292	SPEBRUTINIB,2,,COCCOc1ccc(cc1)Nc2ncc(c(n2)Nc3cccc(c3)NC(=O)C=C)F,CHEMBL3301625,7G9
Sunitinib,Sutent,SU-011248	SU-11248	SU011248	SUNITINIB	SUTENT,4,2006,CCN(CC)CCNC(=O)c1c(c([nH]c1C)/C=C\2/c3cc(ccc3NC2=O)F)C,CHEMBL535,B49
Surufatinib,Sulanda,HMPL-012	SULFATINIB	SURUFATINIB	KDR-IN-1,4,2021 (NMPA),Cc1cc2cc(ccc2[nH]1)Oc3ccnc(n3)Nc4cccc(c4)CS(=O)(=O)NCCN(C)C,CHEMBL4297190,
Tafetinib,,SIM 010603	SIM-010603	TAFETINIB,1,,CCN(CC)CCNC(=O)c1c([nH]c\2c1CCC/C2=C/3\c4cc(ccc4NC3=O)F)C,CHEMBL2180602,
Talmapimod,,SCIO 469	SCIO-469	TALMAPIMOD,2,,C[C@@H]1CN([C@H](CN1C(=O)c2cc3c(cc2Cl)n(cc3C(=O)C(=O)N(C)C)C)C)Cc4ccc(cc4)F,CHEMBL514201,469
Tamatinib,,R-406,2,,CC1(C(=O)Nc2c(ccc(n2)Nc3c(cnc(n3)Nc4cc(c(c(c4)OC)OC)OC)F)O1)C,CHEMBL475251,585
Tandutinib,,CT 53518	CT-53518	CT53518	MLN-0518	MLN-518	TANDUTINIB,2,,CC(C)Oc1ccc(cc1)NC(=O)N2CCN(CC2)c3c4cc(c(cc4ncn3)OCCCN5CCCCC5)OC,CHEMBL124660,
Tanzisertib,,CC-930	JNK 930	JNK-930	TANZISERTIB,2,,c1c(c(c(cc1F)F)Nc2n(c3nc(ncc3n2)N[C@H]4CC[C@@H](CC4)O)[C@@H]5COCC5)F,CHEMBL1950289,KBI
Tarloxotinib,,PR610	TH-4000,2,,Cn1cnc(c1C[N+](C)(C)C/C=C/C(=O)Nc2cc3c(cn2)ncnc3Nc4ccc(c(c4)Br)Cl)[N+](=O)[O-],CHEMBL4297662,
Taselisib,,GDC-0032	RG-7604	TASELISIB,3,,Cc1nc(n(n1)C(C)C)c2cn3c(n2)-c4ccc(cc4OCC3)c5cnn(c5)C(C)(C)C(=O)N,CHEMBL2387080,799
Telatinib,,BAY 57-9352	BAY-57-9352	BAY-579352	TELATINIB,2,,CNC(=O)c1cc(ccn1)COc2c3c(cco3)c(nn2)Nc4ccc(cc4)Cl,CHEMBL2079588,
Tenalisib,,TENALISIB,2,,CC[C@@H](c1c(c(=O)c2ccccc2o1)c3cccc(c3)F)Nc4c5c([nH]cn5)ncn4,CHEMBL4297584,
Tepotinib,Tepmetko,EMD 1214063	EMD-1214063	EMD1214063	MSC-2156119	MSC-2156119J	MSC2156119	TEPOTINIB,4,2021,CN1CCC(CC1)COc2cnc(nc2)c3cccc(c3)Cn4c(=O)ccc(n4)c5cccc(c5)C#N,CHEMBL3402762,3E8
Tesevatinib,,EXEL-7647	KD-019	KD-020	KD019	TESEVATINIB	XL-647	XL647,3,,CN1C[C@H]2C[C@H](C[C@H]2C1)COc3cc4c(cc3OC)c(ncn4)Nc5ccc(c(c5F)Cl)Cl,CHEMBL3544983,
Theliatinib,,HMPL-309	XILIERTINIB,1,,CN1CC[C@H]2[C@@H]1CN(C2)C(=O)Nc3cc4c(cc3OC)ncnc4Nc5cccc(c5)C#C,,
Tirabrutinib,Velexbru,GS-4059	ONO-4059,4,2020 (PMDA),CC#CC(=O)N1CCC(C1)n2c3c(c(ncn3)N)n(c2=O)c4ccc(cc4)Oc5ccccc5,CHEMBL4071161,7GB
Tivantinib,,ARQ 197	ARQ-197	TIVANTINIB,3,,c1ccc2c(c1)c(c[nH]2)[C@H]3[C@@H](C(=O)NC3=O)c4cn5c6c4cccc6CCC5,CHEMBL2103882,"TIV,M97"
Tivozanib,Fotivda,ASP-4130	AV-951	FOTIVDA	KIL-8951	KIL8951	KRN-951	TIVOZANIB,4,2021,Cc1cc(no1)NC(=O)Nc2ccc(cc2Cl)Oc3ccnc4c3cc(c(c4)OC)OC,CHEMBL1289494,AV9
Toceranib,Palladia,PHA-291639	TOCERANIB,0,2009 (FDA-Veterinary),Cc1c([nH]c(c1C(=O)NCCN2CCCC2)C)/C=C\3/c4cc(ccc4NC3=O)F,CHEMBL13608,BWC
Tofacitinib,Xeljanz,"550	CP 690550	CP- 690 550	CP-690	CP-690,550	CP-690-550	CP-690550	CP690,550	CP690550	TASOCITINIB	TOFACITINIB",4,2012,C[C@@H]1CCN(C[C@@H]1N(C)c2c3cc[nH]c3ncn2)C(=O)CC#N,CHEMBL221959,MI1
Tomivosertib,,EFT 508	EFT-508	EFT508	TOMIVOSERTIB,2,,Cc1cc(c(=O)n2c1C(=O)NC23CCCCC3)Nc4cc(ncn4)N,CHEMBL4073443,N45
Tozasertib,,MK-045	MK-0457	TOZASERTIB	VX-68	VX-680,2,,Cc1cc(n[nH]1)Nc2cc(nc(n2)Sc3ccc(cc3)NC(=O)C4CC4)N5CCN(CC5)C,CHEMBL572878,VX6
Trametinib,Mekinist,GSK-1120212	GSK1120212	JTP 74057	JTP-74057	MEKINIST	TMT-212	TMT212	TRAMETINIB,4,2013,Cc1c2c(c(n(c1=O)C)Nc3ccc(cc3F)I)c(=O)n(c(=O)n2c4cccc(c4)NC(=O)C)C5CC5,CHEMBL2103875,QOM
Trilaciclib,Cosela,G1T28	TRILACICLIB,4,2021,CN1CCN(CC1)c2ccc(nc2)Nc3ncc4cc5n(c4n3)C6(CCCCC6)CNC5=O,CHEMBL3894860,
Tucatinib,Tukysa,ARRY-380	ONT-380	TUCATINIB	TUKYSA,4,2020,Cc1cc(ccc1Oc2ccn3c(c2)ncn3)Nc4c5cc(ccc5ncn4)NC6=NC(CO6)(C)C,CHEMBL3989868,
Ulixertinib,,BVD-523	BVD-ERK	ULIXERTINIB	VRT-752271,2,,CC(C)Nc1cc(c(cn1)Cl)c2cc([nH]c2)C(=O)N[C@H](CO)c3cccc(c3)Cl,CHEMBL3590106,EVK
Umbralisib,Ukoniq,RP-5264	RP5264	TGR 1202	TGR-1202	UMBRALISIB,4,2021,C[C@@H](c1c(c(=O)c2cc(ccc2o1)F)c3cccc(c3)F)n4c5c(c(n4)c6ccc(c(c6)F)OC(C)C)c(ncn5)N,CHEMBL3948730,
Upadacitinib,Rinvoq,ABT-494	UPADACITINIB,4,2019,CC[C@@H]1CN(C[C@@H]1c2cnc3n2c4cc[nH]c4nc3)C(=O)NCC(F)(F)F,CHEMBL3622821,
Uprosertib,,GSK-2141795	GSK-2141795C	GSK2141795	GSK2141795C	UPROSERTIB,2,,Cn1c(c(cn1)Cl)c2cc(oc2Cl)C(=O)N[C@@H](Cc3ccc(c(c3)F)F)CN,CHEMBL3137336,
Vactosertib,,TEW 7197	TEW-7197	VACTOSERTIB,2,,Cc1cccc(n1)c2c(nc([nH]2)CNc3ccccc3F)c4ccc5ncnn5c4,CHEMBL3260567,
Vandetanib,Caprelsa;Zactima,CAPRELSA	GNF-PF-2188	VANDETANIB	ZACTIMA	ZD-64	ZD-6474	ZD6474,4,2011,CN1CCC(CC1)COc2cc3c(cc2OC)c(ncn3)Nc4ccc(cc4F)Br,CHEMBL24828,ZD6
Varlitinib,,AR-00334543	ARRY-334543	ARRY-543	ASLAN-001	ASLAN001	VARLITINIB,2.5,,C[C@@H]1COC(=N1)Nc2ccc3c(c2)c(ncn3)Nc4ccc(c(c4)Cl)OCc5nccs5,CHEMBL2103842,
Vatalanib,,BAY-86-5127	CGP-79787	K-222584	NVP-PTK787	PTK-787	PTK787	VATALANIB	ZK-222584,3,,c1ccc2c(c1)c(nnc2Nc3ccc(cc3)Cl)Cc4ccncc4,CHEMBL101253,
Vebreltinib,,APL-101	CBI-3103	PLB-1001,1,,Cn1cc2cc(C(F)(F)c3nnc4ccc(-c5cnn(C6CC6)c5)nn34)c(F)cc2n1,,
Vecabrutinib,,BIIB-062	BSK-4841	FP-0182	FP0182	SNS-062	VECABRUTINIB,1,,c1c(cc(cc1N[C@@H]2CCCN(C2=O)[C@H]3CN(CC[C@@H]3C(=O)N)c4c(c(ncn4)N)F)Cl)C(F)(F)F,CHEMBL4297640,
Vemurafenib,Zelboraf,PLX-4032	PLX4032	RG 7204	RG-7204	RO 5185426	RO-51-85426	RO-5185426	VEMURAFENIB	ZELBORAF,4,2011,CCCS(=O)(=O)Nc1ccc(c(c1F)C(=O)c2c[nH]c3c2cc(cn3)c4ccc(cc4)Cl)F,CHEMBL1229517,032
Verosudil,,AR-12286	VEROSUDIL,2,,CN(C)C(c1ccsc1)C(=O)Nc2ccc3c(c2)cc[nH]c3=O,CHEMBL3545065,
Vistusertib,,AZD-2014	AZD2014	VISTUSERTIB,2,,C[C@H]1COCCN1c2c3ccc(nc3nc(n2)N4CCOC[C@@H]4C)c5cccc(c5)C(=O)NC,CHEMBL2336325,
Volasertib,,BI 6727	BI-6727	VOLASERTIB,3,,CC[C@H]1N(c2nc(ncc2N(C1=O)C)Nc3c(cc(cc3)C(=O)N[C@H]4CC[C@@H](CC4)N5CCN(CC5)CC6CC6)OC)C(C)C,CHEMBL1233528,IBI
Vorolanib,,VOROLANIB	EYP-1901	X-82,2,,Cc1c([nH]c(c1C(=O)N[C@H]2CCN(C2)C(=O)N(C)C)C)/C=C\3/c4cc(ccc4NC3=O)F,CHEMBL4297587,
Voruciclib,,,2,,CN1CC[C@H]([C@@H]1CO)c2c(cc(c3c2oc(cc3=O)c4ccc(cc4Cl)C(F)(F)F)O)O,CHEMBL3905910,
Voxtalisib,,SAR-245409	SAR245409	VOXTALISIB	XL-765,2,,CCn1c(=O)c(-c2cc[nH]n2)cc3c(C)nc(N)nc31,CHEMBL3545366,
Zanubrutinib,Brukinsa,BGB-3111,4,2019,C=CC(=O)N1CCC([C@@H]2CCNc3c(C(N)=O)c(-c4ccc(Oc5ccccc5)cc4)nn32)CC1,CHEMBL3936761,BA0
Zotiraciclib,,EX45	SB-1317	SB1317	TG-02	TG02	ZOTIRACICLIB,1,,CN1C/C=C/CCOc2cccc(c2)-c3ccnc(n3)Nc4cccc(c4)C1,CHEMBL1944698,
Mobocertinib,Exkivity,TAK788	TAK-788	AP32788,4,2021,CC(C)OC(=O)C1=CN=C(N=C1C2=CN(C3=CC=CC=C32)C)NC4=C(C=C(C(=C4)NC(=O)C=C)N(C)CCN(C)C)OC,,R28
Remibrutinib,,LOU064,2,,CC1=C(C=C(C=C1NC(=O)C2=C(C=C(C=C2)C3CC3)F)F)C4=C(C(=NC=N4)N)OCCN(C)C(=O)C=C,,N6Z
Fisogatinib,,BLU-554	BLU 554	BLU111362,2,,C=CC(N[C@@H]1[C@H](NC2=NC=C3C=C(C4=C(Cl)C(OC)=CC(OC)=C4Cl)C=CC3=N2)COCC1)=O,CHEMBL4514636,XL9
Olverembatinib,Nailike,HQP1351  GZD824,4,2021 (NMPA),CN1CCN(CC1)Cc1ccc(cc1C(F)(F)F)NC(=O)c1ccc(c(c1)C#Cc1cnc2c(c1)cn[nH]2)C,CHEMBL2316582,
Lanraplenib,,GS-9876,2,,C1CN(CCN1C2COC2)C3=CC=C(C=C3)NC4=NC(=CN5C4=NC=C5)C6=CN=CC(=N6)N,CHEMBL3986824,R6D
Onatasertib,,ATG-008	CC 223	CC-223,2,,CO[C@H]1CC[C@@H](CC1)N2C(=O)CNC3=NC=C(N=C23)C4=CC=C(N=C4)C(C)(C)O,CHEMBL3586404,
Naporafenib,,LXH 254	LXH-254	LXH254	NAPORAFENIB	PAN-RAF INHIBITOR LXH254,2,,Cc1ccc(NC(=O)c2ccnc(C(F)(F)F)c2)cc1-c1cc(OCCO)nc(N2CCOCC2)c1,CHEMBL4583691,K81
Nemtabrutinib,,ARQ 531	K-1026,2,,c1ccc(cc1)Oc2ccc(c(c2)Cl)C(=O)c3c[nH]c4c3c(ncn4)N[C@@H]5CC[C@H](OC5)CO,,HRA
Atuveciclib,,BAY 1143572	BAY-1143572	BAY1143572,1,,COC1=CC(F)=CC=C1C2=NC=NC(NC3=CC=CC(C[S@](C)(=N)=O)=C3)=N2,CHEMBL4439321,
Fadraciclib,,CYC-065	CYC065,1.5,,CC[C@@H]([C@H](O)C)Nc1nc(NCc2cnc(cc2C)C)c2c(n1)n(cn2)C(C)C,CHEMBL3655762,
Mevociclib,,SY-1365	SY1365,1,,CN(C/C=C/C(=O)Nc1ccc(nc1)C(=O)N[C@@]1(C)CCC[C@H](C1)Nc1ncc(c(n1)c1c[nH]c2c1cccc2)Cl)C,,
Samuraciclib,,CT7001	ICEC-0942	ICEC0942	PPDA-001,1,,O[C@H]1CNCC[C@@H]1CNc1cc(NCc2ccccc2)n2c(n1)c(cn2)C(C)C,CHEMBL4297488,I74
Apilimod,,LAM-002A	LAM002A	STA 5326	STA-5326	STA5326,2,,Cc1cccc(c1)/C=N/Nc1nc(OCCc2ccccn2)nc(c1)N1CCOCC1,CHEMBL4297643,
Belizatinib,,TSR-011	TSR011,2,,CC(NC(=O)C1CCC(CC1)n1c(NC(=O)c2ccc(cc2)F)nc2c1cc(cc2)CN1CCC(CC1)C(O)(C)C)C,CHEMBL2172308,0UV
Conteltinib,,CT-707	CT707,1,,COc1cc(ccc1Nc1nc2NCCc2c(n1)Nc1ccccc1S(=O)(=O)NC(C)C)N1CCC(CC1)N1CCN(CC1)C,CHEMBL3899477,
Elsubrutinib,,ABBV 105	ABBV-105,2,,C=CC(=O)N1CCC[C@H](C1)c1ccc(c2c1cc[nH]2)C(=O)N,CHEMBL4594348,
Epertinib,,S-222611,1,,CC#C\C(=N/OC[C@H]1COCCN1)C2=CC=C3N=CN=C(NC4=CC=C(OCC5=CC=CC(F)=C5)C(Cl)=C4)C3=C2,,
Fosifidancitinib,, I-538,?,,COc1cc(Nc2ncc(c(n2)Nc2ccc3c(c2)n(COP(=O)(O)O)c(=O)o3)C)cc(c1F)C,,
Ifidancitinib,,A 301	A-301	A301	R2010,2,,COc1cc(Nc2ncc(c(n2)Nc2ccc3c(c2)[nH]c(=O)o3)C)cc(c1F)C,CHEMBL4594441,
Izencitinib,,TD 1473	TD1473	TD-1473,3,,N#CCCN1[C@@H]2CC[C@H]1CC(C2)Nc1nc(Nc2n[nH]c(c2)C)cc2c1cccn2,,
Lorpucitinib,,,1,,N#CC[C@@H]1CC[C@H](CC1)n1c(CC(=O)NCC(O)(C)C)nc2c1c1cc[nH]c1nc2,,
Mirdametinib,,PD 0325901	PD-0325901	PD0325901,2,,OC[C@H](CONC(=O)c1ccc(c(c1Nc1ccc(cc1F)I)F)F)O,CHEMBL507361,4BM
Olafertinib,,CK101	CK‚Äê101	RX-518	RX518,1,,OCCN1CCN(CC1)c1ccc(c(c1F)F)Nc1ncc2c(n1)c(ccc2)c1cccc(c1)NC(=O)C=C,CHEMBL4297486,
Orelabrutinib,Hibruka,ICP022	ICP-022,4,2020 (NMPA),C=CC(=O)N1CCC(CC1)c1ccc(c(n1)c1ccc(cc1)Oc1ccccc1)C(=O)N,,
Pamufetinib,,TAS-115,2,,CNC(=O)c1cc2c(ccnc2cc1OC)Oc1ccc(cc1F)NC(=S)NC(=O)Cc1ccccc1,CHEMBL3764045,
Pegcantratinib,,CT327	CT-327	SNA-120,2,,CC12C3(CC(O1)N4C5=CC=CC=C5C6=C7C(=C8C9=CC=CC=C9N2C8=C64)CNC7=O)C(=O)N(C(=O)O3)CCOCCOC,CHEMBL4297182,
Rezivertinib,,BPI 7711,3,,C=CC(=O)Nc1cc(Nc2nccc(n2)c2cn(c3c2cccc3)C)c(cc1OCCN(C)C)OC,,
Rilzabrutinib,,PRN-1008	PRN1008,3,,N#C/C(=C\C(N1CCN(CC1)C1COC1)(C)C)/C(=O)N1CCC[C@H](C1)n1nc(c2c1ncnc2N)c1ccc(cc1F)Oc1ccccc1,CHEMBL3702854,R1L
Ropsacitinib,,PF-06826647	ROPSACITINIB,2,,Cn1cc(-c2cn3nccc3c(-c3cnn([C@]4(CC#N)C[C@@H](C#N)C4)c3)n2)cn1,CHEMBL4459585,UWM
Ritlecitinib,Litfulo,PF-06651600	PF06651600,4,2023,C=CC(=O)N1C[C@@H](CC[C@@H]1C)Nc1ncnc2c1cc[nH]2,CHEMBL4085457,7H4
Roblitinib,,FGF-401	FGF401	NVP-FGF401,2,,COCCNc1cc(ncc1C#N)NC(=O)N1CCCc2c1nc(C=O)c(c2)CN1CCN(CC1=O)C,CHEMBL3908979,FGF
Seralutinib,,GB-002	Gb002	PK-10571	PK10571,2,,COc1cc(ccc1OC)c1cncc(n1)N[C@H](c1cccc(c1)NC(=O)c1cncc(c1)C)C,,
Tasurgratinib,,E-7090	E7090,2,,CNC(=O)n1ccc2cc(Oc3ccnc(NC(=O)c4ccc(C5CCN(CCO)CC5)cc4)c3)c(OCCOC)cc21,CHEMBL3686884,
Tolebrutinib,,BTK'168	PRN-2246	PRN2246	SAR442168,3,,C=CC(=O)N1CCC[C@H](C1)n1c(=O)n(c2c1ccnc2N)c1ccc(cc1)Oc1ccccc1,CHEMBL4650323,
Xiliertinib,,HMPL-309	HMPL309	theliatinib,1,,C#Cc1cccc(c1)NC1N=CN=C2C1C=C(NC(=O)N1C[C@H]3[C@@H](C1)CCN3C)C(=C2)OC,CHEMBL3545180,
Zoligratinib,,DEBIO-1347	DEBIO1347,1,,Cc1nc2c([nH]1)cc(cc2)n1ncc(c1N)C(=O)c1cc2c([nH]1)cccc2,CHEMBL3907479,LWJ
Zorifertinib,,AZD-3759	AZD3759	AZD 3759,2,,COc1cc2ncnc(c2cc1OC(=O)N1CCN(C[C@H]1C)C)Nc1cccc(c1F)Cl,CHEMBL3623290,
Linperlisib,,YY-20394	YY20394,3,,COc1ncc(cc1NS(=O)(=O)C)c1nc(nc2c1cc(F)cc2CN1CCC(CC1)C(O)(C)C)N1CCOCC1,CHEMBL4574601,
Paxalisib,,GDC-0084	GDC0084	G02441729	G-02441729	RG-7666,2,,Nc1ncc(cn1)c1nc(N2CCOCC2)c2c(n1)n1CCOC(c1n2)(C)C,CHEMBL3813842,
Zandelisib,,ACC-524	ME-401	PW-143	PWT-143	PWT143	ME401,3,,CN1CCC(CC1)c1ccccc1CC(Nc1nc(nc(n1)n1c(nc2c1cccc2)C(F)F)N1CCOCC1)(C)C,CHEMBL4650214,
Pirtobrutinib,Jaypirca,LOXO-305	RXC-005	LY-3527727	LY3527727,4,2023,O=C(C1=C(N)N([C@@H](C)C(F)(F)F)N=C1C2=CC=C(CNC(C3=CC(F)=CC=C3OC)=O)C=C2)N,CHEMBL4650485,Y7W
Lorecivivint,,Adavivint	SM0-4690	SM04690,3,,CC(CC(=O)Nc1cncc(c1)c1ccc2c(c1)c(n[nH]2)c1nc2c([nH]1)c(cnc2)c1cccc(c1)F)C,CHEMBL4297639,
Itacnosertib,,TP-0184	TP0184	Itacnosertib,1,,COc1cc(ccc1N1CCN(CC1)C)Nc1nccc(n1)Nc1cccnc1c1ccccn1,,
Rimacalib,,SMP-114,2,,N/C(=N\c1onc(c1)[C@H](c1ccc(c(c1)F)c1ccccc1)C)/N1CCOCC1,CHEMBL2107772,
Vimseltinib,,DCC-3014	DCC3014	Vimseltinib,2,,CC(Nc1ncc(c(=O)n1C)c1ccc(c(n1)C)Oc1ccnc(c1)c1cnn(c1)C)C,,Z6V
-,,M4205,1,,CN1N=CC(C(C=C2)=CC=C2CNC3=NC=NC(C4=CN=C5C=C(C=CN45)OCCCN6CCCC6)=C3)=C1,,
-,,PF-07104091,2,,CN1C(C(NC2=NNC([C@@H]3C[C@H](OC(NC(C)C)=O)CC3)=C2)=O)=CC(COC)=N1,,
-,,KB-0742,1,,N[C@@H]1C[C@@H](NC2=CC(C(CC)CC)=NC3=CC=NN23)CC1,,
-,,LY3295668	AK-01,1,,O=C([C@@]1(CC2=NC(NC3=NNC(C)=C3)=CC=C2F)C[C@@H](C)N(CC4=CC=CC(Cl)=C4F)CC1)O,,EG7
Ocifisertib,,CFI-400945	CFI400945	CFI 400945,1,,COc1ccc2c(c1)[C@]1(CC1c1ccc3c(c1)[nH]nc3/C=C/c1ccc(cc1)CN1C[C@H](C)O[C@@H](C1)C)C(=O)N2,CHEMBL3408947,
Ivarmacitinib,,SHR0302	SHR 0302,3,,O=C(N1C[C@@]2([H])[C@@](C[C@H](N(C)C3=C4C(NC=C4)=NC=N3)C2)([H])C1)NC5=NC(OC)=NS5,,
-,,JNJ-67856633	JNJ67856633	JNJ 67856633,2,,C1=CC2=C(C=CNC2=O)C(=C1)N3C(=C(C=N3)C(=O)NC4=CC(=NC=C4)C(F)(F)F)C(F)(F)F,,
-,,GDC-0134,1,,C1CN(CC1(F)F)C2=NC(=CC(=N2)N3C[C@H]4C[C@@H]3CO4)C5=CC(=C(N=C5)N)OC(F)F,,
Emavusertib,,CA-4948	AU-4948	AU4948	CA4948,2,,O=C(C1=COC(C2=CC(C)=NC=C2)=N1)NC3=C(N4C[C@H](O)CC4)N=C5C(OC(N6CCOCC6)=N5)=C3,CHEMBL4783351,FJ0
-,,AZD4547	AZD-4547	KB-74810,2,,COc1cc(CCc2[nH]nc(c2)NC(=O)c2ccc(cc2)N2C[C@H](C)N[C@@H](C2)C)cc(c1)OC,CHEMBL3184679,66T
Tovorafenib,,DAY101	MLN-2480	MLN2480	TAK580	TAK-580,1,,C[C@H](c1ncc(s1)C(=O)Nc1ncc(c(c1)C(F)(F)F)Cl)NC(=O)c1ncnc(c1Cl)N,,QOP
Fidrisertib,,IPN60130	BLU-782,1,,O=C(N1CCN(C2=CC=NN3C2=CC(C4=NC=C(C5(OCC)CCN(C(C)C)CC5)C=C4)=C3)CC1)O[C@H]6COCC6,,
-,,BTX-A51,1,,CN(N=C1)C(CC2CC2)=C1C3=NC(N[C@H]4CC[C@H](N)CC4)=NC=C3Cl,,
Tuxobertinib,,BDTX-189	BDTX189,1,,C=CC(NC1=CC2=C(NC3=CC=C(OCC4=NC=CC=C4)C(Cl)=C3)N=CN=C2C=C1OCCN5CCOCC5)=O,,
Zipalertinib,,CLN-081	TAS6417,1/2,,NC1=C2C(N3C(C(C)=C[C@@H](C3)NC(C=C)=O)=C2C4=CC5=CC=CC=C5N=C4)=NC=N1,,
Golidocitinib,,DZD4205	AZD-4205	DZD 4205	AZD4205,1/2,,C[C@@H](N1CCN(C)CC1)C(NC2=C3C(C(C4=NC(NC5=CN(C)N=C5OC)=NC=C4)=CN3)=CC=C2)=O,CHEMBL4577523,
Tinengotinib,,TTT00420	TT 00420	TT-00420,1,,CC1=C(N=C2C3=C(Cl)C=CC=C3)C(NC4=C2C=NC(N5CCOCC5)=C4)=NN1,,
-,,AR-13503	Metabolite Netarsudil,1,,O=C(NC1=CC2=C(C=NC=C2)C=C1)[C@H](CN)C3=CC=C(CO)C=C3,CHEMBL3792888,
-,,LY-3200882,2,,OC(C)(C)C1=NC=CC(NC2=NC=CC(OC3=CN(C4CC4)N=C3C5CCOCC5)=C2)=C1,CHEMBL4594432,
-,,PF-06952229,1,,O=C(NC(CO)CO)C1=CN=CC=C1NC2=CC(C3=CC(Cl)=CC=C3F)=NC=C2C(C)C,,
-,,AZD-8154	AZD8154	AZD 8154,2,,C[C@H](N1Cc2c(C1=O)c(cc(c2)c1sc(nc1C)Nc1cccc(n1)N1CCCC1=O)S(=O)(=O)C)C1CC1,CHEMBL4558527,VEN
Zanzalintinib,,XL-091	XL092,1,,O=C(C1=CC2=C(OC3=CC=C(NC(C4(CC4)C(NC5=CC=C(C=C5)F)=O)=O)C=C3)C=CN=C2C=C1OC)NC,,
Avutometinib,,VS-6766	RG 7304	CKI27	CH5126766	RO5126766,1,,CC1=C(C(=O)OC2=C1C=CC(=C2)OC3=NC=CC=N3)CC4=C(C(=NC=C4)NS(=O)(=O)NC)F,CHEMBL3264002,CHU
Elzovantinib,,TPX-0022	TPX0022	CSF1R-IN-2,1,,CCN1CC2=C(C=CC(=C2C#N)F)O[C@H](CNC(=O)C3=C4N=C1C=CN4N=C3N)C,,
Deucravacitinib,Sotyktu,BMS-986165	BMS986165,4,2022,[2H]C([2H])([2H])NC(=O)C1=NN=C(C=C1NC2=CC=CC(=C2OC)C3=NN(C=N3)C)NC(=O)C4CC4,CHEMBL4435170,LB7
Donafenib,Zepsun,Sorafenib (D3)	CM-4307,4,2021 (NMPA),[2H]C([2H])([2H])NC(=O)C1=NC=CC(=C1)OC2=CC=C(C=C2)NC(=O)NC3=CC(=C(C=C3)Cl)C(F)(F)F,,
Furmonertinib,Ivesa,Alflutinib	AST-2818	AST2818,4,2021 (NMPA),C=CC(=O)Nc1cc(Nc2nccc(-c3cn(C)c4ccccc34)n2)c(OCC(F)(F)F)nc1N(C)CCN(C)C,CHEMBL4297258,
Ibcasertib,,Chiauranib	CS-2164	CS2164,3,,COC1=CC=C2C(=CC=NC2=C1)OC1=CC2=CC=CC(C(=O)NC3=CC=CC=C3N)=C2C=C1,,
Eganelisib,,IPI-549	IPI549,2,,C[C@@H](c1cc2cccc(c2c(=O)n1c3ccccc3)C#Cc4cnn(c4)C)NC(=O)c5c(nn6c5nccc6)N,CHEMBL3984425,V7Y
Epitinib,,HMPL-813,1,,CCN1CCN(CC1)C(=O)NC2=C(C=C3C(=C2)C(=NC=N3)NC4=CC=CC(=C4)C#C)OC CCN1CCN(CC1)C(=O)NC1=CC2=C(NC3C=C(C=CC=3)C#C)N=CN=C2C=C1OC,,
Puquitinib,,,1,,c1cc2cc(ccc2nc1)Nc3nc4c(c(n3)NC5CC5)[nH]cn4,CHEMBL4596972,
Vodobatinib,,K0706	VODOBATINIB,2,,Cc1ccc(C(=O)NNC(=O)c2c(C)cccc2Cl)cc1C#Cc1cnc2ccccc2c1,CHEMBL4130229,
Briciclib,,ON 014185,1,,O=S(CC1=CC(OP(O)(O)=O)=C(OC)C=C1)(/C=C/C2=C(OC)C=C(OC)C=C2OC)=O,CHEMBL1206245,
-,,PHA-793887,1,,CC(C)CC(NC1=NNC2=C1CN(C(C3CCN(C)CC3)=O)C2(C)C)=O,CHEMBL1230607,889
-,,SGX-523,1,,CN1N=CC(C2=NN3C(SC4=CC5=C(N=CC=C5)C=C4)=NN=C3C=C2)=C1,CHEMBL1236107,SX8
-,,OSI-930,1,,O=C(C1=C(NCC2=CC=NC3=CC=CC=C23)C=CS1)NC4=CC=C(OC(F)(F)F)C=C4,CHEMBL1614710,
-,,CC-401,1,,C1(C2=CC=CC(OCCN3CCCCC3)=C2)=NNC4=C1C=C(C=C4)C5=NC=NN5,CHEMBL1614713,
-,,TAK-285,1,,ClC(C=C(NC1=NC=NC2=C1N(CCNC(CC(C)(C)O)=O)C=C2)C=C3)=C3OC4=CC=CC(C(F)(F)F)=C4,CHEMBL1614725,03P
-,,RO4987655	CH4987655,1,,FC(C(F)=C(NC1=CC=C(I)C=C1F)C(C(NOCCO)=O)=C2)=C2CN3C(CCCO3)=O,CHEMBL1614766,3OR
-,,BMS-599626	AC480,1,,O=C(NC1=CN2C(C(NC3=CC4=C(N(CC5=CC=CC(F)=C5)N=C4)C=C3)=NC=N2)=C1C)OC[C@H]6NCCOC6,CHEMBL1645462,
Izorlisib,,MEN1611	CH5132799	CH 5132799	CH-5132799,1,,NC1=NC=C(C2=C3C(N(S(=O)(C)=O)CC3)=NC(N4CCOCC4)=N2)C=N1,CHEMBL1684984,MMD
-,,AZD-8055,1,,OCC1=CC(C2=NC3=NC(N4CCOC[C@@H]4C)=NC(N5[C@@H](C)COCC5)=C3C=C2)=CC=C1OC,CHEMBL1801204,
-,,MK-2461	MK2461,2,,O=S(N(C)C[C@H]1OCCOC1)(NC2=CC=C3C=CC(C(C(C3=C2)=O)=C4)=NC=C4C5=CN(N=C5)C)=O,CHEMBL1822792,
-,,PF-04217903,1,,OCCN1N=CC(C2=NC3=C(N=C2)N=NN3CC4=CC5=CC=CN=C5C=C4)=C1,CHEMBL2001019,KRW
-,,AZD-7762,1,,O=C(N[C@@H]1CNCCC1)C2=C(C=C(S2)C3=CC=CC(F)=C3)NC(N)=O,CHEMBL2041933,YDJ
-,,AZD1208,1,,O=C(NC/1=O)SC1=C/C2=C(N3C[C@H](N)CCC3)C(C4=CC=CC=C4)=CC=C2,CHEMBL2048872,
-,,JNJ-38877605,1,,FC(F)(C1=NN=C2C=CC(C3=CN(C)N=C3)=NN21)C4=CC5=C(N=CC=C5)C=C4,CHEMBL2133806,
-,,Palomid	529,1,,COC1=C(OCC2=CC=C(C=C2)OC)C=C3C(C4=C(C(O3)=O)C=C(C(C)O)C=C4)=C1,CHEMBL2141712,
-,,TAK-593,1,,O=C(C1=CC(C)=NN1C)NC2=CC(OC3=NN4C(C=C3)=NC(NC(C5CC5)=O)=C4)=CC=C2C,CHEMBL2180604,
-,,MK-8033,1,,O=S(NCC1=CC=CC=N1)(CC2=CC=C3C(C(C4=CC(C5=CN(N=C5)C)=CN=C4C=C3)=O)=C2)=O,CHEMBL2323775,
-,,GDC-0349,1,,O=C(NCC)NC(C=C1)=CC=C1C2=NC3=C(CCN(C4COC4)C3)C(N5[C@@H](C)COCC5)=N2,CHEMBL2331680,
-,,TAK-960,1,,O=C(NC1CCN(C)CC1)C2=CC(OC)=C(NC3=NC=C(N4C)C(N(C5CCCC5)CC(F)(F)C4=O)=N3)C=C2F,CHEMBL2392545,1J4
-,,CP-547632,2,,O=C(NC1=C(C(N)=O)C(OCC2=C(F)C=C(Br)C=C2F)=NS1)NCCCCN3CCCC3,CHEMBL253969,BFF
Falnidamol,,BIBX 1382,1,,ClC1=CC(NC2=NC=NC3=CN=C(NC(CC4)CCN4C)N=C23)=CC=C1F,CHEMBL258940,
-,,PND-1186	VS-4718	SR-2516,1,,O=C(NC)C1=CC=CC=C1NC2=CC(NC3=CC=C(N4CCOCC4)C=C3OC)=NC=C2C(F)(F)F,CHEMBL3040440,
-,,SAR-260301	SAR260301,1,,O=C1N=C(CC(N2[C@@H](C)CC3=C2C=CC=C3)=O)NC(N4CCOCC4)=C1,CHEMBL3112866,J82
Narazaciclib,,ON123300	ON 123300,2,,N#CC1=CC2=CN=C(NC3=CC=C(N4CCN(C)CC4)C=C3)N=C2N(C5CCCC5)C1=O,CHEMBL3115681,
-,,AZD8330	ARRY-424704	ARRY-704,1,,IC1=CC(F)=C(C=C1)NC(N2C)=C(C=C(C2=O)C)C(NOCCO)=O,CHEMBL3182621,
-,,BGT226	NVP-BGT226	BGT-226	BGT 226,2,,O=C(N1C2=CC=C(N3CCNCC3)C(C(F)(F)F)=C2)N(C)C4=C1C5=CC(C6=CC=C(OC)N=C6)=CC=C5N=C4,CHEMBL3218578,
-,,MRX-2843	UNC2371,1,,O[C@H]1CC[C@H](N2C=C(C3=CC=C(CN4CCN(C)CC4)C=C3)C5=CN=C(NCCC6CC6)N=C52)CC1,CHEMBL3326007,
-,,VS-5584	SB2343,1,,NC1=NC=C(C2=C3N=C(C)N(C(C)C)C3=NC(N4CCOCC4)=N2)C=N1,CHEMBL3393066,
-,,TAK-901,1,,O=C(NC1CCN(CC1)C)C2=C(C3=C(C4=CC(C)=CN=C4N3)C(C5=CC=CC(S(=O)(CC)=O)=C5)=C2)C,CHEMBL3544932,
-,,GSK1059615,1,,O=C(S/C1=C\C2=CC=C3N=CC=C(C3=C2)C4=CC=NC=C4)NC1=O,CHEMBL3544966,
-,,RGB-286638,1,,O=C(NN1CCOCC1)NC2=CC=CC(C3=C4C(C5=CC=C(CN6CCN(CCOC)CC6)C=C5)=NN3)=C2C4=O,CHEMBL3545083,
-,,XL228,1,,CN1CCN(C2=CC(NC3=NNC(C4CC4)=C3)=NC(NCC5=CC(C(C)C)=NO5)=N2)CC1,CHEMBL3545085,
-,,JI-101,2,,O=C(NC1=CC(Br)=CC=C1OC)NC2=CC=CC3=C2C=CN3CC4=CC(N)=NC=C4,CHEMBL3545155,
-,,XL019,1,,O=C([C@H]1NCCC1)NC2=CC=C(C3=NC(NC4=CC=C(N5CCOCC5)C=C4)=NC=C3)C=C2,CHEMBL3545328,O19
-,,ASP3026,1,,COC(C=C(N1CCC(N2CCN(C)CC2)CC1)C=C3)=C3NC4=NC=NC(NC5=C(S(C(C)C)(=O)=O)C=CC=C5)=N4,CHEMBL3545360,F6O
-,,CC-115,1,,O=C1CN=C2C(N1CC)=NC(C3=C(C)N=C(C4=NN=CN4)C=C3)=CN2,CHEMBL3586573,
-,,ARRY-382,2,,O=C(C1=CN=C2C=C(OCCN3CCN(C)CC3)C=CN21)NC4=CC=CC5=C4C(C6CC6)=NN5CC7=NC(C)=CC=C7,CHEMBL3644252,
-,,BAY1082439,1,,O=C(C1=CC=CN=C1C)NC2=NC3=C(C=CC(OC[C@H](O)CN4CCOCC4)=C3OC)C5=NCCN25,CHEMBL3644672,
-,,PIM447	LGH447,1,,O=C(C1=CC=C(F)C(C2=C(F)C=CC=C2F)=N1)NC3=C([C@@H]4C[C@H](C)C[C@H](N)C4)C=CN=C3,CHEMBL3651966,5H7
-,,AMG-337,2,,O=C1C2=C(N=CC(OCCOC)=C2)C=CN1[C@@H](C3=NN=C4C(F)=CC(C5=CN(C)N=C5)=CN43)C,CHEMBL3785909,5T1
-,,PF-06459988,2,,C=CC(N1C[C@H](COC2=C3C(NC=C3Cl)=NC(NC4=CN(C)N=C4)=N2)[C@@H](OC)C1)=O,CHEMBL3786098,630
-,,AZD-8835	AZD8835	AZD 8835,1,,O=C(N1CCC(C2=NN(CC)C(C3=NC(C4=NN=C(C(C)(C)C)O4)=C(N)N=C3)=N2)CC1)CCO,CHEMBL3894518,
-,,ODM-203,1,,CN(N=C1)C=C1C2=CC=C3C(N=CN3C4=CC(C5=CC=C(F)C=C5F)=CC(NS(C6CC6)(=O)=O)=C4)=C2,CHEMBL3964954,
-,,ASP4132,1,,O=C(C1=NC2=CC=C(C3CCN(CC4=CC=C(OC)N=C4)CC3)C=C2N1)N5CCN(CC6=CC=C(C(F)(F)F)C=C6)CC5,CHEMBL3968294,
-,,CEP-37440,1,,O=C(NC)C1=CC=CC=C1NC2=NC(NC3=CC=C4C(CCC[C@H](N5CCN(CCO)CC5)C4)=C3OC)=NC=C2Cl,CHEMBL3972653,
-,,TP-3654,1,,OC(C)(C)[C@H]1CC[C@H](NC2=NN3C(C=C2)=NC=C3C4=CC=CC(C(F)(F)F)=C4)CC1,CHEMBL3975308,
-,,EOC317	ACTB-1003,1,,O=C(NC1=CC(C(F)(F)F)=CC=C1F)NC2=CC=C(C3=C4C(N)=NC=NN4C(CN5CCOCC5)=C3COC)C=C2F,CHEMBL3991934,
-,,TG 100801	TG100801,2,,O=C(C1=CC=CC=C1)OC2=CC=C(Cl)C(C3=CC(C)=C(N=C(NC(C=C4)=CC=C4OCCN5CCCC5)N=N6)C6=C3)=C2,CHEMBL403989,
Sotuletinib,,BLZ 945	BLZ-945	BLZ945,2,,O=C(C1=NC=CC(OC2=CC=C3N=C(N[C@H]4[C@H](O)CCCC4)SC3=C2)=C1)NC,CHEMBL4227505,
-,,PRN1371,1,,O=C1C(C2=C(Cl)C(OC)=CC(OC)=C2Cl)=CC3=CN=C(NC)N=C3N1CCCN4CCN(C(C=C)=O)CC4,CHEMBL4068509,GX3
-,,FN-1501,1,,O=C(C1=NNC=C1NC2=NC=NC3=C2C=CN3)NC4=CC=C(CN5CCN(C)CC5)C=C4,CHEMBL4077071,
-,,BFH772,2,,O=C(NC1=CC(C(F)(F)F)=CC=C1)C2=CC=CC3=CC(OC4=NC=NC(CO)=C4)=CC=C32,CHEMBL4080062,
-,,MK-8353	SCH900353,1,,O=C([C@@]1(SC)CN(CC(N2CC=C(C3=CC=C(C4=NN(C)C=N4)C=C3)CC2)=O)CC1)NC5=CC6=C(NN=C6C7=CC=C(OC(C)C)N=C7)C=C5,CHEMBL4213970,G67
Pifusertib,,TAS117	TAS-117,2,,C[C@@](C1)(O)C[C@]1(N)C2=CC=C(C3=C(N(COC4=CC=NC=C45)C5=N3)C6=CC=CC=C6)C=C2,CHEMBL4297329,
-,,SCR-1481B1	BMS-817378,1,,O=C(C1=CN(COP(O)(O)=O)C=C(C2=CC=C(F)C=C2)C1=O)NC3=CC=C(OC4=C(Cl)C(N)=NC=C4)C(F)=C3,CHEMBL4303546,
-,,AMG319,2,,C[C@H](NC1=C2N=CNC2=NC=N1)C3=CC4=CC=C(F)C=C4N=C3C5=NC=CC=C5,CHEMBL4303596,3VC
-,,AT7519	AT7519M,1,,O=C(NC1=CNN=C1C(NC2CCNCC2)=O)C3=C(Cl)C=CC=C3Cl,CHEMBL445813,LZE
-,,SAR125844,2,,O=C(NCCN1CCOCC1)NC2=NC3=CC=C(SC4=NN=C5C=CC(C6=CC=C(F)C=C6)=NN54)C=C3S2,CHEMBL4461070,63K
-,,AZD4573,2,,ClC1=CN=C(NC([C@H]2CCC[C@@H](NC(C)=O)C2)=O)C=C1C3=C(CC(C)(C)C4)N4N=C3,CHEMBL4462530,Q6E
-,,ASP5878,1,,OCCN1N=CC(NC2=NC=C(OCC3=C(F)C(OC)=CC(OC)=C3F)C=N2)=C1,CHEMBL4594428,
-,,ENMD-2076,2,,CC1=CC(NC2=NC(/C=C/C3=CC=CC=C3)=NC(N4CCN(CC4)C)=C2)=NN1,CHEMBL482968,J3A
-,,GSK-690693	GSK690693,1,,CC(O)(C)C#CC1=NC=C(OC[C@@H]2CNCCC2)C3=C1N=C(C4=NON=C4N)N3CC,CHEMBL494089,G93
-,,AMG-208,2,,COC1=CC=C2C(OCC3=NN=C4N3N=C(C=C4)C5=CC=CC=C5)=CC=NC2=C1,CHEMBL496102,L5G
-,,BI 2536	BI-2536	BI2536,2,,O=C1[C@H](N(C2=C(N1C)C=NC(NC3=CC=C(C(NC4CCN(C)CC4)=O)C=C3OC)=N2)C5CCCC5)CC,CHEMBL513909,R78
Tirbanibulin,,KX2-391	KX-01,3,,O=C(CC1=NC=C(C2=CC=C(OCCN3CCOCC3)C=C2)C=C1)NCC4=CC=CC=C4,CHEMBL571546,DN0
-,,AEE788	AEE 788	NVP-AEE788,2,,CCN1CCN(CC1)Cc1ccc(cc1)c1cc2c([nH]1)ncnc2N[C@@H](c1ccccc1)C,CHEMBL587723,AEE
-,,LY3214996,2,,O=C(C(C=C(C1=NC(NC2=CC=NN2C)=NC=C1)S3)=C3C4(C)C)N4CCN5CCOCC5,,KE8
-,,BAY1125976	BAY-1125976,1,,NC(=O)c1ccc2n(n1)c(c1ccccc1)c(n2)c1ccc(cc1)C1(N)CCC1,,
-,,M2698	MSC2363318A,1,,O=C(C1=CC=CC2=C(N[C@@H](C3=CC=C(Cl)C(C(F)(F)F)=C3)CN4CCC4)N=CN=C12)N,CHEMBL4871106,1SK
-,,CEP-40783	RXDX-106,1,,O=C(C1=CN(C(C)C)C(N(C2=CC=C(F)C=C2)C1=O)=O)NC3=CC=C(OC4=CC=NC5=CC(OC)=C(OC)C=C45)C(F)=C3,,
Uzansertib,,INCB053914	INCB-053914,2,,O=C(C1=NC(C2=C(F)C=CC=C2F)=C(F)C=C1)NC3=CN=C4C(CC[C@H]4O)=C3N5C[C@@H](N)[C@H](O)[C@@H](C)C5,,
-,,AV-412	MP412,1,,C=CC(NC2=CC3=C(NC4=CC=C(F)C(Cl)=C4)N=CN=C3C=C2C#CC(N5CCN(C)CC5)(C)C)=O,,
-,,OMO-1	OMO1	JNJ38877618	JNJ-38877618,1,,FC(C1=CC=C2N=CC=CC2=C1)(F)C3=NN=C4C=CC(C5=CC=NC=C5)=NN43,,
-,,TAS0728,2,,NC1=C2C(N([C@H]3CN(C(C=C)=O)CCC3)N=C2C(NC4=CC=C(CC(N(C)C)=O)C(C)=C4C)=O)=NC=N1,,
-,,GDC-0575	ARRY-575	RG7741,1,,O=C(C1CC1)NC2=CNC3=NC=C(Br)C(N4C[C@H](N)CCC4)=C32,,
-,,KO-947,1,,O=C1NC2=CC(NN=C3C4=CC=NC=C4)=C3C=C2CN1CC5=CC=CC=C5,,
-,,CC-90003,1,,C=CC(NC1=CC(C)=CC=C1NC2=NC(NC3=CC(OC)=NC=C3C)=NC=C2C(F)(F)F)=O,,
-,,CG-806,2,,O=C(NC1=CC=CC(C(F)(F)F)=C1)NC2=CC=C(C3=CC=C(C4=NC=C(C)N4)C5=C3CNC5=O)C(F)=C2,,
Tamnorzatinib,,ONO-7475,2,,O=C(C1=CC2=C(N(C3=CC=CC=C3)C1=O)CCCC2=O)NC4=NC=C(OC5=CC=NC6=CC(OC)=C(OC)C=C56)C=C4,,
-,,T-1101	TAI-95,1,,CC1=CC(SC2=NC=C(OCCOC)N=C2)=CC(C)=C1C3=CSC(NC(C4=CC=NC=C4)=O)=N3,,
Taletrectinib,,DS-6051b	AB-106,2,,C[C@@H](NC1=NN2C(C=C1)=NC=C2C3=CC=C(OC[C@H](N)C)C=C3)C4=CC=CC(F)=C4,,
-,,IM156	HL156A	HL271,1,,N=C(N1CCCC1)NC(NC2=CC=C(OC(F)(F)F)C=C2)=N,,
-,,FF10101	FF-10101-01,1,,CCCNC1=NC(=NC=C1C#CCCCNC(=O)C(C)N(C)C(=O)C=CCN(C)C)NC2=CC=C(C=C2)C#N,,F6M
-,,GLPG0259	GLPG-0259	GTPL9848,2,,CC(C)N1C[C@@H]2C[C@H]1CN2C1=CC=C(NC2=NC=C(N3N=CN=C23)C2=COC(=C2)C(N)=O)C=C1,,
-,,GSK2982772	GSK772,2,,O=C(C1=NC(CC2=CC=CC=C2)=NN1)N[C@H]3COC4=CC=CC=C4N(C)C3=O,CHEMBL4071864,7MJ
-,,GSK2983559,1,,CC(C)(C)S(C(C(OCCOP(O)([O-])=O)=CC1=NC=N2)=CC1=C2NC3=CC(N=CS4)=C4C=C3)(=O)=O,,K9T
-,,GSK3145095	GSK095,2,,FC1=CC(F)=CC2=C1NC([C@@H](NC(C3=NNC(CC4=CC=CC=C4)=N3)=O)CC2)=O,,K8K
Bezuclastinib,,PLX9486	CGT 9486,2,,Cc1c([nH]nc1C(=O)Nc2cc3cc([nH]c3nc2)c4ccccc4)C,,WEJ
Belumosudil,Rezurock,KD025	SLx2119,4,2021,CC(NC(=O)COc1cccc(c1)c1nc(Nc2ccc3c(c2)cn[nH]3)c2c(n1)cccc2)C,CHEMBL2005186,ICQ
Luxeptinib,,CG026806	CG-806,1,,Fc1cc(ccc1c1c2CNC(=O)c2c(cc1)c1[nH]cc(n1)C)NC(=O)Nc1c(cc(cc1F)F)F,CHEMBL4594420,
-,,BIIB-091	BIIB091,1,,Cn1ncc(c1)Nc1nccc(n1)c1ccc2c(c1)CN(CCC2NC(=O)c1nnn(c1)C(C)(C)C)C1COC1,CHEMBL5083772,YDA
-,,ESK981	CEP 11981	CEP11981,1,,CC(Cn1c2ccc(cc2c2c1c1CCc3c(c1c1c2CNC1=O)cn(n3)C)Nc1ncccn1)C,CHEMBL2010872,
Enitociclib,,VIP152	BAY-1251152,1,,COc1cc(F)ccc1c1cc(Nc2cc(C[S@@](=N)(=O)C)ccn2)ncc1F,CHEMBL4589249,
Maribavir,Livtencity,TAK-620	1263W94,4,2021,ClC1=C(Cl)C=C2C(N=C(NC(C)C)N2[C@@H]3[C@@H](O)[C@@H](O)[C@H](CO)O3)=C1,CHEMBL515408,
Tizaterkib,,ATG-017	AZD0364,1,,Fc1cc(ccc1F)CN1C(=O)c2n(C[C@@H]1COC)cc(n2)c1nc(ncc1C)Nc1ccnn1C,CHEMBL4482864,LHZ
Tuspetinib,,HM43239	HM-43239,1.5,,C[C@H]1CN(CC2=CC(=CC(NC3=NC=C(Cl)C(=N3)C3=CNC4=C3C=CC(C)=C4)=C2)C2CC2)C[C@@H](C)N1,,
-,,LY3405105,1,,CN(C/C=C/C(=O)N1CC[C@@H](C1)OC(=O)N1CCC(CC1)Nc1cc(C)nc2n1ncc2C(C)C)C,,
Flonoltinib,,,1,,OCCN(C1CCN(CC1)c1ccc(cc1F)Nc1ncc(c(n1)c1cnn(c1)C(C)C)C)C,CHEMBL4447631,
-,,AUM-001	ETC-1907206	ETC-206,2,,C1COCCN1C(=O)C2=CC=C(C=C2)C3=CN4C(=NC=C4C5=CC=C(C=C5)C#N)C=C3,CHEMBL4211649,
Befotertinib,,D-0316	D 0316	D0316,2,,C=CC(NC1=CC(NC2=NC=CC(C3=CN(CC(F)(F)F)C4=C3C=CC=C4)=N2)=C(OC)C=C1N(CCN(C)C)C)=O,,
Nezulcitinib,,TD-0903	TD 0903	TD0903,2,,CCc1cc(O)ccc1c1ccc2c(c1)[nH]nc2c1nc2c([nH]1)C[C@H](N(C2)C(C)C)C(=O)N1CC(C1)N(C)C,,
Avotaciclib,,BEY 1107	BEY1107	BEY-1107,1,,Nc1nccc(-c2ccc(O)c(-c3ccnc(N)n3)n2)n1,CHEMBL4650328,
Dalpiciclib,,SHR 6390	SHR-6390	SHR6390,3,,CC(=O)c1c(C)c2cnc(nc2n(c1=O)C1CCCC1)Nc1ccc(cn1)C1CCNCC1,,
Eclitasertib,,DNL758	SAR443122,2,,O=C1[C@H](COc2c(N1C)nccc2)NC(=O)c1n[nH]c(n1)Cc1ccccc1,,
Tilpisertib,,GS-4875	GS 4875	GS4875,2,,N#CC1=C(NCC(C)(C)C)C2=CC(N[C@H](C3=CN(C4(C5)CC5C4)N=N3)C6=CC=CC7=C6C=CN(C)C7=O)=CC(Cl)=C2N=C1,,
Vevorisertib,,ARQ 751,1,,CC(=O)N(C)C1CCN(CC1)C2=CC=CC(=C2)C3=NC4=C(C=C3)N=C(N4C5=CC=C(C=C5)C6(CCC6)N)C7=C(N=CC=C7)N,,
Deuruxolitinib,,CTP-543	CTP543	D8-ruxolitinib,3,,N#CC[C@H](C1C([2H])([2H])C(C(C1([2H])[2H])([2H])[2H])([2H])[2H])n1ncc(c1)c1ncnc2c1cc[nH]2,,
Zeteletinib,,,1,,COc1cc2cc(cnc2cc1OC)c1ccc(cn1)CC(=O)Nc1onc(c1)C(C(F)(F)F)(C)C,BOS-172738	BOS172738	DS-5010	DS5010,
Defosbarasertib,,barasertib-hQPA	AZD-1152HQPA	AZD-2811	AZD2811	AZD 2811,2,,CCN(CCO)CCCOc4ccc3c(Nc2cc(CC(=O)Nc1cccc(F)c1)n[nH]2)ncnc3c4,,YJA
Zabedosertib,,BAY-1834845	BAY1834845,1,,O=C(c1cccc(n1)C(F)(F)F)Nc1cc2cn(nc2cc1C(O)(C)C)CCS(=O)(=O)C,,
Cotosudil,,Cotosudil,0,,C[C@@H]1CNCCCCN1S(=O)(=O)C2=CC3=C(C=C2)C=NC=C3,,
-,,Debio0123	Debio 0123	Debio-01230,1,,Cc4cc(Nc3ncc2C(=O)N(c1c(Cl)cccc1Cl)CN(C)c2n3)ccc4C5CCN(C)CC5,,
-,,SY-5609	SY-0005609	CDK7-IN-3,1,,CC1(C)CC[C@H](NC2=NC=C(C(C3=CNC4=C3C=CC(C#N)=C4P(C)(C)=O)=N2)C(F)(F)F)CN1,,
-,,AS-0141,1,,FC(F)(F)CN1CCN(NC2=C(C(OCC)=O)C(/C(O2)=C/C3=CNC4=C3C=CC=N4)=O)CC1,,
-,,CC-90005,1,,CC(F)(F)COC1=C(CNC2=NC(N[C@@H]3CC[C@H](O)C(C)(C)C3)=C(C=N2)C#N)C=NC=N1,,
-,,ASTX029	ASTX-029,1.5,,COc1cc(F)cc(c1)[C@@H](CO)NC(=O)[C@@H](C)N2Cc3ccc(cc3C2=O)c4nc(NC5CCOCC5)ncc4Cl,,RYW
Azenosertib,,ZN-c3	ZN c3,2,,O=C1N(CC=C)N(C2=CC=C(CC[C@@]3(CC)O)C3=N2)C4=NC(NC5=CC=C(N6CCN(C)CC6)C=C5)=NC=C41,,05J
-,,TAK-020,1,,O=C(C=C)N1CC[C@H](OC2=NC(C(N3)=NNC3=O)=CC4=CC=CC=C42)C1,,0CI
-,,RVU120	SEL120	SEL120-34A,1.5,,CC1=C(Br)C(Br)=C2C3=C1N=C(N4CCNCC4)N3CCC2,CHEMBL4225966,
Sovleplenib,,HMPL-523	HMPL523	HMPL 523,3,,O=S(N1CCC(C2=CC=C(C3=NC(NC[C@@H]4CNCCO4)=C(N=CC=N5)C5=C3)C=C2)CC1)(C)=O,CHEMBL3545301,
-,,CC-90001	CC 90001,2,,C[C@@H]1CC[C@H](C[C@H]1O)NC1=NC(NC(C)(C)C)=NC=C1C(N)=O,,
Zimlovisertib,,PF-06650833,2,,CC[C@H]1[C@@H](COc2nccc3c2cc(OC)c(c3)C(=O)N)NC(=O)[C@H]1F,CHEMBL4081711,8CG
-,,BMS-387032	BMS 387032	BMS387032	SNS 032	SNS-032,1,,O=C(C1CCNCC1)Nc1ncc(s1)SCc1ncc(o1)C(C)(C)C,CHEMBL296468,56H
-,,CHIR-265	CHIR 265	CHIR265	RAF 265	RAF-265	RAF265,2,,Cn1c(Nc2ccc(cc2)C(F)(F)F)nc2c1ccc(c2)Oc1ccnc(c1)c1[nH]cc(n1)C(F)(F)F,CHEMBL558752,55J
-,,CI-1040	CI 1040	CI1040	PD-184352	PD184352,2,,Ic1ccc(c(c1)Cl)Nc1c(ccc(c1F)F)C(=O)NOCC1CC1,CHEMBL105442,
-,,GSK-461364A	GSK 461364	GSK-461364	GSK461364	GSK461364A,1,,CN1CCN(CC1)Cc1ccc2c(c1)n(cn2)c1cc(c(s1)C(=O)N)O[C@@H](c1ccccc1C(F)(F)F)C,CHEMBL1908394,
-,,KW-2449	KW 2449,1,,O=C(c1ccc(cc1)/C=C/c1[nH]nc2c1cccc2)N1CCNCC1,CHEMBL1908397,
-,,SU-14813	SU014813	SU14813,1,,O[C@H](CN1CCOCC1)CNC(=O)C1C(=NC(=C1C)/C=C/1\C(=O)Nc2c1cc(F)cc2)C,,
-,,TG-100-115	TG 100-115	TG 100115	TG100-115,1.5,,Oc1cccc(c1)c1nc2nc(N)nc(c2nc1c1cccc(c1)O)N,CHEMBL230011,B6J
-,,VX-702	I14-1965	VX 702	VX702,2,,Fc1ccc(c(c1)F)c1nc(ccc1C(=O)N)N(c1c(F)cccc1F)C(=O)N,CHEMBL1090090,
Tideglusib,,NP031112,2,,O=c1sn(c(=O)n1Cc1ccccc1)c1cccc2c1cccc2,CHEMBL3545157,
-,,AZD6703	AZ 12012199	AZ-12012199	AZ12012199	AZD 6703	AZD-6703,1,,CN1CCN(CC1)c1ccc2c(c1)c(=O)n(cn2)c1cc(ccc1C)C(=O)NC1CC1,CHEMBL2031465,NQB
-,,PH-797804,2,,CNC(=O)c1ccc(c(c1)n1c(C)cc(c(c1=O)Br)OCc1ccc(cc1F)F)C,CHEMBL1088751,I45
-,,BMS-582949	BMS 582949	BMS582949	PS 540446	PS-540446	PS540446,2,,CCCNC(=O)c1cn2c(c1C)c(ncn2)Nc1cc(ccc1C)C(=O)NC1CC1,CHEMBL1230065,38P
-,,BMS-690514	BMS 690514	BMS690514,2,,COc1cccc(c1)Nc1ncnn2c1c(cc2)CN1CC[C@H]([C@@H](C1)O)N,CHEMBL3545396,
-,,CP-724714	CP 724714	CP724714,2,,COCC(=O)NC/C=C/c1ccc2c(c1)c(ncn2)Nc1ccc(c(c1)C)Oc1ccc(nc1)C,CHEMBL483321,
-,,7-hydroxystaurosporine	KRX-0601	KRX0601	UCN 01	UCN-01,2,,CN[C@@H]1C[C@H]2O[C@@](C)([C@@H]1OC)n1c3ccccc3c3c4c(c5c6ccccc6n2c5c31)C(=O)N[C@H]4O,CHEMBL574737,UCN
-,,PF-04691502	PF 04691502	PF04691502,2,,OCCO[C@@H]1CC[C@H](CC1)n1c(=O)c(cc2c1nc(N)nc2C)c1ccc(nc1)OC,CHEMBL1234354,ML9
-,,MK-8776	MK 8776	SCH-900776	SCH 900776,2,,Cn1ncc(c1)c1cnn2c1nc(C1CCCNC1)c(c2N)Br,CHEMBL2386889,
-,,MK-2206	MK 2206,2,,O=c1[nH]nc2n1ccc1c2cc(c(n1)c1ccc(cc1)C1(N)CCC1)c1ccccc1,CHEMBL1079175,
-,,AT-9283	AT 9283	AT9283,2,,O=C(Nc1c[nH][nH]/c/1=C/1\N=c2c(=N1)ccc(c2)CN1CCOCC1)NC1CC1,CHEMBL495727,
-,,BMS-754807	BMS 754807	BMS754807,2,,Fc1ccc(cn1)NC(=O)[C@]1(C)CCCN1c1nc(Nc2n[nH]c(c2)C2CC2)c2n(n1)ccc2,CHEMBL575448,EBI
-,,BMS-777607	BMS 777607	BMS777607,2,,CCOc1ccn(c(=O)c1C(=O)Nc1ccc(c(c1)F)Oc1ccnc(c1Cl)N)c1ccc(cc1)F,CHEMBL460702,353
-,,BMS-911543	BMS 911543	BMS911543,1.5,,CCn1c(cc2c1nc(Nc1nn(c(c1)C)C)c1c2n(C)cn1)C(=O)N(C1CC1)C1CC1,CHEMBL3545215,50V
-,,LY2090314	LY-2090314,1.5,,Fc1cc2CN(CCn3c2c(c1)c(c3)C1=C(C(=O)NC1=O)c1cnc2n1cccc2)C(=O)N1CCCCC1,CHEMBL362558,
-,,ZSTK474	TCMDC-137004	ZSTK 474	ZSTK-474,1.5,,FC(c1nc2c(n1c1nc(nc(n1)N1CCOCC1)N1CCOCC1)cccc2)F,CHEMBL586702,ZS4
-,,AKN-028	AKN 028	AKN028,1.5,,Nc1ncc(nc1Nc1ccc2c(c1)cc[nH]2)c1ccncc1,,
-,,PF-4708671	PF4708671,0,,CCc1cncnc1N1CCN(CC1)Cc1nc2c([nH]1)cc(cc2)C(F)(F)F,CHEMBL2134202,5FI
-,,GSK269962A	GSK-269962A	GSK269962,0,,CCn1c(nc2c1cc(nc2)Oc1cccc(c1)NC(=O)c1ccc(cc1)OCCN1CCOCC1)c1nonc1N,CHEMBL220241,
-,,BI-D1870,0,,CC(CCN1C(C)C(=O)N(c2c1nc(nc2)Nc1cc(F)c(c(c1)F)O)C)C,CHEMBL573107,
-,,GSK650394	GSK-650394,0,,OC(=O)c1ccc(cc1C1CCCC1)c1c[nH]c2c1cc(cn2)c1ccccc1,CHEMBL558642,DXV
-,,KU-60019,0,,O=C(Nc1ccc2c(c1)Cc1c(S2)c(ccc1)c1cc(=O)cc(o1)N1CCOCC1)CN1C[C@H](C)O[C@@H](C1)C,CHEMBL2140173,
-,,VE-821	VE 821,0,,O=C(c1nc(cnc1N)c1ccc(cc1)S(=O)(=O)C)Nc1ccccc1,CHEMBL1766779,
-,,PF-477736	PF 477736	PF-00477736,1,,Cn1ncc(c1)c1nc2c3c1c[nH][nH]c(=O)c3cc(c2)NC(=O)[C@@H](C1CCCCC1)N,CHEMBL3545137,
-,,AZD6482	AZD 6482	AZD-6482,1,,Cc1cc([C@H](Nc2ccccc2C(=O)O)C)c2n(c1)c(=O)cc(n2)N1CCOCC1,CHEMBL2165191,A82
-,,AMG-900	AMG 900	AMG900,1,,Cc1csc(c1)c1nnc(c2c1cccc2)Nc1ccc(cc1)Oc1ncccc1c1ccnc(n1)N,CHEMBL2140408,
-,,MK-5108	MK5108	VX-689	VX689,1,,OC(=O)C1(CCC(CC1)Oc1cccc(c1F)Cl)Cc1cccc(n1)Nc1nccs1,CHEMBL3182444,5VC
-,,P505-15	BIIB057	PRT-062607	PRT062607,0,,N[C@H]1CCCC[C@H]1Nc1ncc(c(n1)Nc1cccc(c1)n1nccn1)C(=O)N,CHEMBL2177736,3YT
-,,LY2874455	LY-2874455,1,,OCCn1ncc(c1)/C=C/c1n[nH]c2c1cc(cc2)O[C@@H](c1c(Cl)cncc1Cl)C,CHEMBL3828009,6LF
-,,XL413	BMS-863233	BMS863233	XL-413,1,,Clc1ccc2c(c1)c1[nH]c(nc(=O)c1o2)[C@@H]1CCCN1,CHEMBL2030402,0SX
-,,CEP-1347	CEP 1347	CEP1347	KT-7515	KT7515,3,,CCSCc1ccc2c(c1)c1c3C(=O)NCc3c3c4c1n2[C@H]1C[C@]([C@](O1)(n4c1c3cc(cc1)CSCC)C)(O)C(=O)OC,CHEMBL290352,
-,,LY2584702	LY 2584702	LY-2584702,1,,Cn1cc(nc1C1CCN(CC1)c1ncnc2c1cn[nH]2)c1ccc(c(c1)C(F)(F)F)F,CHEMBL3545076,
-,,GSK1070916	GSK-1070916,1,,CCn1nc(c(c1)c1ccnc2c1cc([nH]2)c1cccc(c1)CN(C)C)c1ccc(cc1)NC(=O)N(C)C,CHEMBL1090479,
-,,AZD5438	AZD 5438	AZD-5438,1,,CC(n1c(C)ncc1c1ccnc(n1)Nc1ccc(cc1)S(=O)(=O)C)C,CHEMBL488436,FB8
-,,AZD8186	AZD 8186	AZD-8186,1,,Fc1cc(cc(c1)F)N[C@@H](c1cc(cc2c1oc(cc2=O)N1CCOCC1)C(=O)N(C)C)C,CHEMBL3408248,
-,,SGI-1776	SGI 1776	SGI1776,1,,CN1CCC(CC1)CNc1ccc2n(n1)c(cn2)c1cccc(c1)OC(F)(F)F,CHEMBL1952329,
-,,CUDC-101	CUDC101,1,,ONC(=O)CCCCCCOc1cc2c(ncnc2cc1OC)Nc1cccc(c1)C#C,CHEMBL598797,
-,,SAR407899	HY-15687A	SAR-407899,2,,O=c1[nH]ccc2c1ccc(c2)OC1CCNCC1,CHEMBL1667969,
-,,PF-3758309	PF-03758309	PF3758309,1,,CN(C[C@H](c1ccccc1)NC(=O)N1Cc2c(C1(C)C)[nH]nc2Nc1nc(C)nc2c1scc2)C,CHEMBL3128043,7KC
-,,LY3009120	LY-3009120,1,,CNc1ncc2c(n1)nc(c(c2)c1cc(NC(=O)NCCC(C)(C)C)c(cc1C)F)C,CHEMBL3577124,4Z5
Fimepinostat,,CUDC 907	CUDC-907,2,,ONC(=O)c1cnc(nc1)N(Cc1cc2c(s1)c(nc(n2)c1ccc(nc1)OC)N1CCOCC1)C,CHEMBL3622533,
-,,PLX8394	PLX 8394	PLX-8394,1.5,,F[C@@H]1CCN(C1)S(=O)(=O)Nc1ccc(c(c1F)C(=O)c1c[nH]c2c1cc(cn2)c1cnc(nc1)C1CC1)F,CHEMBL4303729,
-,,AC430	AC-430,1,,Fc1ccc(cc1)[C@H](c1nc(Nc2n[nH]c(c2)C)c2c(n1)cccc2)O,CHEMBL3962269,
-,,GDC-0834	GDC 0834,1,,CN1CCN(C(=O)[C@H]1c1ccc(cc1)Nc1nc(cn(c1=O)C)c1cccc(c1C)NC(=O)c1cc2c(s1)CCCC2)C,CHEMBL2057915,2VL
-,,PF-06263276	PF 0626327	PF0626327,1,,CCc1cc(O)c(cc1c1ccc2c(c1)[nH]nc2c1nc2c([nH]1)CCN(C2)C(=O)c1cnc(cn1)N1CCCCC1)F,CHEMBL3644620,7GS
Tolimidone,,CP-26154	MLR-1023,2,,Cc1cccc(c1)Oc1cnc(=O)[nH]c1,CHEMBL8030,
-,,CBS-3595,1,,CSc1nc(c(n1C)c1ccnc(c1)NC(=O)C)c1ccc(cc1)F,CHEMBL432798,
Vamotinib,,PF-114	PF114,1.5,,CN1CCN(CC1)Cc1ccc(cc1C(F)(F)F)NC(=O)c1ccc(c(c1)C#Cc1nnc2n1cccc2)C,CHEMBL4297478,
-,,BMS-986142	BMS986142,2,,Fc1cc(C(=O)N)c2c(c1c1cccc(c1C)n1c(=O)c3cccc(c3n(c1=O)C)F)c1CC[C@@H](Cc1[nH]2)C(O)(C)C,CHEMBL3900554,73T
-,,TAK-733	TAK733,1,,OC[C@@H](Cn1cnc2c(c1=O)c(Nc1ccc(cc1F)I)c(c(=O)n2C)F)O,CHEMBL1615025,IZG
-,,AZD0156,1,,CN(CCCOc1ccc(cn1)c1ccc2c(c1)c1c(cn2)n(c(=O)n1C1CCOCC1)C)C,CHEMBL3960662,
-,,KX2-361	KX-02	KX2 361	KX2361,1,,O=C(Cc1ccc(cn1)c1ccc(cc1)N1CCOCC1)NCc1cccc(c1)F,CHEMBL4297299,
-,,GSK2646264,1,,COc1cccc(c1C1=CC2C(C=C1)CCNCC2)OCc1nccc(c1)C,,
-,,RV1729	RV-1729,1,,COCCN(C(=O)CCCC#Cc1cccc2c1c(=O)n(c(n2)Cn1nc(c2c1ncnc2N)c1cccc(c1)O)Cc1ccccc1Cl)CCOC,CHEMBL3919512,
-,,RV6153	RV-6153,1,,COCCOCCOCC#Cc1cccc2c1c(=O)n(c(n2)Cn1nc(c2c1ncnc2N)c1cc(O)cc(c1)F)Cc1ccccc1C(F)(F)F,CHEMBL3934989,
-,,GR-389988	GR389988	GZ389988	GZ389988A,2,,COc1cc(ccc1OCc1ccc(cc1)OC)Cn1c(N)nc2c1ncc(c2)c1cnn(c1)C,CHEMBL3673452,
Utatrectinib,,AZD7451	AZ12607092	AZD-7451,1,,C[C@@H](c1ncc(cn1)F)Nc1ccc2c(n1)n(cn2)c1cc([nH]n1)OC(C)C,CHEMBL3659497,
-,,RG-1530	R-1530	R1530	RG1530,1,,COc1cc2[nH]c3n[nH]c(c3nc(c2cc1F)c1ccccc1Cl)C,CHEMBL1980391,
-,,MW150	MW-150	MW01-18-150SRM,1,,CN1CCN(CC1)c1nnc(c(c1)c1ccncc1)c1ccc2c(c1)cccc2,CHEMBL4129018,3GF
-,,AZD7648	AZD-7648,1.5,,Cc1cc2ncnn2cc1Nc1ncc2c(n1)n(C1CCOCC1)c(=O)n2C,CHEMBL4439259,MBW
-,,GSK2292767	GSK-2292767,1,,COc1ncc(cc1NS(=O)(=O)C)c1cc(c2ncc(o2)CN2C[C@H](C)O[C@@H](C2)C)c2c(c1)[nH]nc2,CHEMBL4434674,OKO
Sovesudil,,AMA 0076	AMA-0076	AMA0076	PHP-201	PHP201,3,,CCCOC(=O)c1cccc(c1)c1cc(ccc1CN)C(=O)Nc1ccncc1F,CHEMBL2440750,
-,,ARRY-371797	ARRY-797	ARRY371797	ARRY797,2,,CN(CCNC(=O)c1cc2c(cc1Oc1ccc(cc1F)F)cnn2CC(C)C)C,CHEMBL1088750,
-,,BIIB068	BIIB-068,1,,CC(OC1CN(C1)C(=O)NCc1ccc(cc1C)c1ccnc(n1)Nc1cnn(c1)C)C,,S9A
Rineterkib,,ERK-IN-1	LTT-462	LTT462,2,,CNC[C@H](c1cc(F)cc(c1)Br)NC(=O)c1ccc(cc1F)c1nc(cnc1N)[C@H]1CC[C@@H]([C@H](C1)F)O,CHEMBL3909517,
-,,AZD1390,1,,Fc1cc2ncc3c(c2cc1c1ccc(nc1)OCCCN1CCCCC1)n(C(C)C)c(=O)n3C,CHEMBL4594429,
Elraglusib,,9-ING-41,2,,Fc1ccc2c(c1)c(co2)C1=C(C(=O)NC1=O)c1cn(c2c1cc1OCOc1c2)C,CHEMBL483465,
-,,LUT014	LUT-014,2,,Cc1ccc2c(c1Nc1ncccc1c1ncnc3c1[nH]cn3)ccnc2Nc1cccc(c1)OC(F)(F)F,,
Gartisertib,,M-4344	M4344	VX-803	VX803,1,,C1CN(CCC1C(=O)N1CCN(CC1)C1COC1)c1c(cncc1NC(=O)c1c2ncc(cn2nc1N)F)F,CHEMBL4650286,
-,,MLI-2	MLi-2,1,,C[C@@H]1CN(C[C@@H](O1)C)c1ncnc(c1)c1n[nH]c2c1cc(cc2)OC1(CC1)C,CHEMBL4098877,A1N
Luvixasertib,,CFI-402257	CFI402257,1.5,,Cc1cc(-c2cnn3c(NC[C@H]4C[C@@](C)(O)C4)cc(Oc4cccnc4)nc23)ccc1C(=O)NC1CC1,CHEMBL4469414,
Amdizalisib,,HMPL-689,2,,C[C@@H](c1cc2ncc(n2nc1c1ccccc1)Cl)Nc1ncnc(c1C#N)N,CHEMBL4438249,
-,,AZD7624	AZD-7624,2,,Cc1c(cc(cc1F)C(=O)NC1CC1)n1ccnc(c1=O)NC1(CC1)c1ccccc1OCCNC,,
-,,AZD4604	AZD-4604	Jak1-IN-7,1,,COC[C@@H](N1CCN(C)CC1)C(=O)Nc1cccc2c1[nH]cc2c1c(F)cnc(Nc2c(F)c(ccc2)S(=O)(=O)C)n1,CHEMBL4447181,
Camonsertib,,RP-3500	RP3500,2,,O[C@@]1(C2=C3C(N(C4=NNC=C4)N=C3)=NC(N5[C@H](C)COCC5)=C2)C[C@@](O6)([H])CC[C@@]6([H])C1,,
-,,BLU-945	BLU 945,1,,F[C@H]1CN(C2=NC=CC(NC3=NC=C(C(N4C[C@H](CS(C)(=O)=O)[C@H]4C)=CC=C5C(C)C)C5=C3)=N2)CC[C@H]1OC,,
-,,MEN1703	SEL24,1.5,,BrC1=C(Br)C=C(N(C(C)C)C(C2CCNCC2)=N3)C3=C1[N+]([O-])=O,CHEMBL4467168,
-,,VIC 1911	VIC-1911	TAS-119	TAS-2104,1.5,,CC1=CC(=NN1)NC2=C(C=CC(=N2)CC3(CCN(CC3)C(=O)C4=C(C(=CC=C4)Cl)Cl)C(=O)O)F,CHEMBL3692206,
-,,RP-6306,1,,O=C(C1=C(N)N(C2=C(C)C=CC(O)=C2C)C3=NC(C)=C(C)C=C31)N,,QGI
-,,MAP855,0,,CC1=NC2=C(N1[C@H]3CCN(C[C@@H]3F)C(=O)CO)C4=CC(=C(C=C4N=C2)F)C5=C(C=C(C=C5)OC6=NC=CC=N6)Cl,CHEMBL3904439,
Cirtuvivint,,SM08502,1,,CN1CCN(CC1)C2=NC=CC(=C2)C(=O)NC3=NC=C4C=CC(=CC4=C3)C5=CN(N=C5)C,CHEMBL4784318,
-,,NVP-CLR457	CLR457,1,,NC(N=C1)=NC(C(F)(F)F)=C1C2=NC(N3CCOCC3)=NC(N4[C@@H](CO)[C@@H](C)OC4=O)=C2,,KVJ
-,,IOA-244,1,,O=C(N1CCOCC1)C2=NN(C3=C2CS(=O)(C4=C3C=CC=C4F)=O)C5=CC=C(CN6CCOCC6)C=C5,CHEMBL3683575,
-,,APG-2449	APG 2449,1,,CC(C)S(C1=C(NC2=NC(NC3=CC(C)=C(C4=CCN(C5CCOCC5)CC4)C=C3OC(C)C)=NC=C2Cl)C=CC=C1)(=O)=O,,
Atuzabrutinib,,PRN473	SAR 444727,2,,Nc1c2c(ncn1)n(nc2c1c(cc(cc1)Oc1ccccc1)F)[C@H]1CN(CCC1)C(=O)/C(=C/C(C)(C)C)/C#N,CHEMBL4114766,
-,,XL999,1,,CCN1CCC(CC1)NC2=CC\3=C(C=C2)NC(=O)/C3=C(/C4=CC(=CC=C4)F)\C5=NC=C(N5)C,CHEMBL2087167,
Sunvozertinib,,DZD9008,1.5,,Clc1c(cc(c(Nc2nc(ncc2)Nc2c(cc(c(c2)NC(=O)C=C)N2C[C@@H](CC2)N(C)C)OC)c1)C(C)(C)O)F,,
Gunagratinib,,ICP-192,2,,CNc1c(c(nn1[C@H]1CCN(C1)C(=O)C=C)C#Cc1cc(cc(c1)OC)OC)C(=O)N,,
Vepafestinib,,TAS0953	HM06,1.5,,Nc1c2c(ncn1)n(c(c2C(=O)Nc1ccc(cc1)COC)C#CCN1CCOCC1)C1(CC1)C,,
Zapnometinib,,ATR-002	ATR002	PD-0184264	PD0184264,2,,Clc1c(Nc2c(C(=O)O)ccc(c2F)F)ccc(c1)I,CHEMBL481949,
Zunsemetinib,,ATI-450	ATI450	CDD-450	CDD450,2,,Cc1cc(OCc2ncc(F)cc2F)c(Cl)c(=O)n1c1cc(ncc1C)c1nc(ncc1)C(C)(C)O,CHEMBL3704901,
Ziftomenib,,KO-539,1.5,,Cc1c(ccc2c1cc(n2C[C@H](C)N1CCN(CC1)S(=O)(=O)C)C#N)CN1CCC(CC1)Nc1c2cc(sc2nc(n1)NC)CC(F)(F)F,,
Padnarsertib,,KPT-9274	KPT9274	PAK4-IN-1,1,,O=C(NCc1cc2c(o1)c(cc(c2)c1ccc(cc1)C(=O)N1CCC(CC1)(F)F)c1ccc(cc1)F)/C=C/c1ccc(nc1)N,CHEMBL4297467,
Revumenib,,SNDX-5613	SNDX5613,1.5,,C(C)S(=O)(=O)N[C@@H]1CC[C@H](CC1)CN1CCC2(CN(C2)c2ncncc2Oc2c(C(=O)N(C(C)C)CC)cc(cc2)F)CC1,CHEMBL4650827,
Safusidenib,,DS-1001B,2,,FC(C)(C)c1c(c(no1)c1c(cc(cc1Cl)Cl)Cl)C(=O)n1cc(c2c(cccc12)/C=C/C(=O)O)C,CHEMBL4651002,
Acrizanib,,LHA510,2,,O=C(N1C2=CC=C(OC3=NC=NC(CNC)=C3)C=C2C=C1)NC4=NN(C)C(C(F)(F)F)=C4,CHEMBL4076112,
Cevidoplenib,,SKI-O-703,2,,O=C(C1CC1)C2=CN(C)C3=C2C=C(NC4=NC=CC(N5N=C(C)C(CN6OC[C@@H](O)C6)=C5)=N4)C=C3,,
-,,BMS-820132,1,,O=C(Nc1nn(CP(=O)(OCC)OCC)cc1)c1cc(OC(C)C)cc(Oc2cnc(C(=O)N3CCC3)cn2)c1,,
-,,BMS-986176	BMS986176	LX-9211	LX9211,2,,CC(C)C[C@](C)(N)COc1c(nc(cc1)c1ccnc(c1)C(F)F)C(F)F,,
-,,KT-413,1,,CC(C)(O)c1cc2c(sc(n2)[C@H]2CC[C@H](CN3CC4(CC(CCNc5c6C(=O)N(C7CCC(=O)NC7=O)C(=O)c6ccc5)C4)C3)CC2)cc1NC(=O)c1cccc(n1)C(F)(F)F,,
-,,TL-895	TL895,2,,C=CC(=O)N1CCC(CC1)(CNc1ncnc(c1c1ccc(cc1)Oc1ccccc1)N)F,,
-,,AEW-541	AEW 541	Aew-541	NVP-AEW541	NVP-AEW 541,1,,Nc1ncnc2c1c(-c1cccc(OCc3ccccc3)c1)cn2[C@H]1C[C@H](N2CCC2)C1,CHEMBL551064,
-,,AG-13958	AG 13958,2,,Cc1cc(C(=O)Nc2cc(Nc3ccc4c(/C=C/c5ccccn5)n[nH]c4c3)ccc2F)n(C)n1,CHEMBL3545335,
-,,AS-602868	SPC-839,1,,COc1cccc2nc(-c3cccs3)nc(NN3C(=O)C=C(C)C3=O)c12,CHEMBL129857,
-,,AST-487	NVP-AST487	NVP-AST-487,1,,CCN1CCN(Cc2ccc(NC(=O)Nc3ccc(Oc4cc(NC)ncn4)cc3)cc2C(F)(F)F)CC1,CHEMBL574738,
-,,AT-13148	AT13148,1,,NC[C@@](O)(c1ccc(Cl)cc1)c1ccc(-c2cn[nH]c2)cc1,CHEMBL3544960,
-,,AZD-1480	AZD1480	AZD 1480,2,,Cc1cc(Nc2nc(N[C@@H](C)c3ncc(F)cn3)ncc2Cl)[nH]n1,CHEMBL1231124,AZ5
-,,CEP-5214,1,,CC(C)OCc1ccc2c(c1)c1c3c(c4c(c1n2CCCO)Cc1ccccc1-4)C(=O)NC3,CHEMBL150894,
-,,CYC-116	CYC 116	CYC-116,1,,Cc1nc(N)sc1-c1ccnc(Nc2ccc(N3CCOCC3)cc2)n1,CHEMBL482967,MTZ
-,,E-6201	E6201	ER-806201,2,,CCNc1cc(O)c2c(c1)/C=C/C[C@H](O)[C@H](O)C(=O)/C=C\[C@@H](C)[C@H](C)OC2=O,CHEMBL1097999,E26
-,,GS-9901	GS 9901	,1,,N#Cc1c(N)nc(N)nc1N[C@H](c1nc2c(F)ccc(Cl)c2c(=O)n1-c1cccnc1)C1CC1,CHEMBL3928407,77C
-,,GSK-2636771	GSK2636771,2,,Cc1c(Cn2c(C)nc3c(C(=O)O)cc(N4CCOCC4)cc32)cccc1C(F)(F)F,CHEMBL3188551,
-,,GSK-3179106	GSK3179106,1,,CCOc1cc(=O)[nH]cc1-c1ccc(CC(=O)Nc2cc(C(C)(C)C(F)(F)F)on2)c(F)c1,CHEMBL3355009,
-,,H3B-6527	H3b 6527	H3b-6527,1,,C=CC(=O)Nc1cc(N2CCN(CC)CC2)ccc1Nc1cc(N(C)C(=O)Nc2c(Cl)c(OC)cc(OC)c2Cl)ncn1,CHEMBL3939295,
-,,JNJ-49095397	RV568	RV-568,2,,COCC(=O)Nc1cc(COc2ccc(NC(=O)Nc3cc(C(C)(C)C)nn3-c3ccc(C)cc3)c3ccccc23)ccn1,CHEMBL3695568,
-,,KRN-633	K00589A	KRN633	KRN-633,1,,CCCNC(=O)Nc1ccc(Oc2ncnc3cc(OC)c(OC)cc23)cc1Cl,CHEMBL406381,
-,,LX-7101	LX7101,1,,Cc1c[nH]c2ncnc(N3CCC(CN)(C(=O)Nc4cccc(OC(=O)N(C)C)c4)CC3)c12,CHEMBL3356433,
-,,MK-0941,2,,CCS(=O)(=O)c1ccc(Oc2cc(O[C@@H](C)CO)cc(C(=O)Nc3ccn(C)n3)c2)cn1,CHEMBL3580737,
-,,MLN-8054	MLN 8054	MLN8054,1,,O=C(O)c1ccc(Nc2ncc3c(n2)-c2ccc(Cl)cc2C(c2c(F)cccc2F)=NC3)cc1,CHEMBL259084,ZZL
-,,PD-0166285	PD-0166285	TCMDC-140940	TCMDC-140940,1,,CCN(CC)CCOc1ccc(Nc2ncc3cc(-c4c(Cl)cccc4Cl)c(=O)n(C)c3n2)cc1,CHEMBL49120,96M
-,,PF-00562271	Pf-00562271	PF 562271	PF-562271,1,,CN(c1ncccc1CNc1nc(Nc2ccc3c(c2)CC(=O)N3)ncc1C(F)(F)F)S(C)(=O)=O,CHEMBL1084546,YAM
-,,PF-03715455	PF 03715455,2,,CC(C)(C)c1cc(NC(=O)NCc2ccccc2Sc2ccc3nnc(-c4ccccc4SCCO)n3c2)n(-c2ccc(O)c(Cl)c2)n1,CHEMBL1938400,YIS
-,,PF-06273340	PF06273340,1,,CC(C)(CO)n1cc(C(=O)c2cncc(NC(=O)Cc3ccc(Cl)cn3)c2)c2cnc(N)nc21,CHEMBL4212531,6K4
-,,PKI-179	PKI 179,1,,O=C(Nc1ccncc1)Nc1ccc(-c2nc(N3CCOCC3)nc(N3C4CCC3COC4)n2)cc1,CHEMBL1258517,
-,,R-1487	,1,,Cn1c(=O)c(Oc2ccc(F)cc2F)cc2cnc(NC3CCOCC3)nc21,CHEMBL1230122,3FN
-,,R-343,2,,CNC(=O)COc1cccc(Nc2ncc(F)c(Nc3ccc4c(c3)NC(=O)C(F)(F)O4)n2)c1,CHEMBL2170582,
-,,RG-547	R 547	R-547	RG-547	RO4584820	RO-4584820,2,,COc1ccc(F)c(F)c1C(=O)c1cnc(NC2CCN(S(C)(=O)=O)CC2)nc1N,CHEMBL384304,LIA
-,,Senexin B	Bcd-115	BCD-115,1,,CN1CCN(C(=O)c2ccc3cc(CCNc4ncnc5ccc(C#N)cc45)ccc3c2)CC1,CHEMBL4076837,
Ruserontinib,,SKLB-1028	SKLB1028,3,,CC(C)n1c(Nc2cccnc2)nc2cnc(Nc3ccc(N4CCN(C)CC4)cc3)nc21,CHEMBL3678958,7XO
-,,SNS-314	SNS 314,1,,O=C(Nc1cccc(Cl)c1)Nc1ncc(CCN=c2[nH]cnc3ccsc23)s1,CHEMBL482767,AK2
-,,SU-014813	SU-14813,2,,Cc1[nH]c(/C=C2\C(=O)Nc3ccc(F)cc32)c(C)c1C(=O)NC[C@H](O)CN1CCOCC1,CHEMBL1721885,
-,,TAK-715	TAK 715	TAK-715,2,,CCc1nc(-c2cccc(C)c2)c(-c2ccnc(NC(=O)c3ccccc3)c2)s1,CHEMBL363648,T75
-,,XL-281	BMS-908662	EXEL-2819	Xl 281	Xl-281,2,,COC(=O)Nc1nc2cc(C3(O)c4ccccc4C(=O)N3c3cc(Cl)ccc3C)ccc2[nH]1,CHEMBL3545027,
-,,Y-39983	Y-39983	Y-39983,1,,C[C@@H](N)c1ccc(C(=O)Nc2ccnc3[nH]ccc23)cc1,CHEMBL571948,
-,,ZD-4190	ZD4190,1,,COc1cc2c(Nc3ccc(Br)cc3F)ncnc2cc1OCCn1ccnn1,CHEMBL281872,
-,,CEP-7055	CEP7055,1,,CC(C)OCc1ccc2c(c1)c1c3c(c4c(c1n2CCCOC(=O)CN(C)C)Cc1ccccc1-4)C(=O)NC3,CHEMBL346631,
-,,SU-9516	SU9516,1,,COc1ccc2c(c1)/C(=C/c1cnc[nH]1)C(=O)N2,CHEMBL258805,SU9
-,,AZD-1080	AZ-11548415	AZD1080,1,,N#Cc1ccc2[nH]c(O)c(-c3ccc(CN4CCOCC4)cn3)c2c1,CHEMBL1969664,
-,,AZD-1656	AZD1656,2,,COC[C@H](C)Oc1cc(Oc2cnc(C(=O)N3CCC3)cn2)cc(C(=O)Nc2cnc(C)cn2)c1,CHEMBL3219124,
-,,TOP-1288	TOP1288,2,,C#Cc1cc(Nc2nccc(Oc3ccc(NC(=O)Nc4cc(C(C)(C)C)cc(NS(C)(=O)=O)c4OC)c4ccccc34)n2)cc(C(=O)NCCOCCOCCOC)c1,CHEMBL3681949,
-,,KA 2237	KA2237,1,,C1(C2=NC3=C(OC4=C3C=C(CN5C[C@@H]6C[C@H]5CO6)C=N4)C(N7CCOCC7)=N2)=C8C=CNC8=CC=C1,,
-,,HKI-357	HKI357,1,,CCOc1cc2ncc(C#N)c(Nc3ccc(OCc4cccc(F)c4)c(Cl)c3)c2cc1NC(=O)/C=C/CN(C)C,CHEMBL178654,
-,,RO-3201195	RO3201195,1,,Nc1c(C(=O)c2cccc(OC[C@@H](O)CO)c2)cnn1-c1ccc(F)cc1,CHEMBL203567,PQB
-,,AMG-548	AMG548,1,,Cn1c(NC[C@@H](N)Cc2ccccc2)nc(-c2ccncc2)c(-c2ccc3ccccc3c2)c1=O,CHEMBL585902,
-,,GLPG3970,2,,COc1c2c(CCN(C2=O)CC(F)(F)F)cc(c(cn3)n4c3cc(OCCN5CCOCC5)cc4)c1,,
-,,TAK-279	NDI-034858	NTX-973,2,,CNc(cc(Nc(cccn1c2ncccc2)c1=O)n3)n4c3c(C(N[C@@H]5CC[C@H]5OC)=O)cn4,,
Ilunocitinib,,LY-3411067	LY3411067,Veterinary development,,C1CC1S(=O)(=O)N1CC(C1)(CC#N)n1cc(cn1)c1c2cc[nH]c2ncn1,CHEMBL4802241,
Povorcitinib,,INCB 54707	INCB054707,2,,C(#N)CC1(CN(C1)c1cc(c(C(=O)N[C@H](C(F)(F)F)C)cc1F)F)n1ncc(c1)c1c(n[nH]c1C)C,,
-,,GSK2256098,2,,CONC(=O)c1ccccc1Nc1cc(ncc1Cl)Nc1cc(nn1C(C)C)C,CHEMBL4742157,
-,,BI 853520	IN10018,1.5,,O=C(C1=C(F)C=C(NC2=NC=C(C(F)(F)F)C(OC3=CC=CC4=C3C(N(C4)C)=O)=N2)C(OC)=C1)NC5CCN(CC5)C,CHEMBL3657311,
Zilurgisertib,,INCB00928,1.5,,Nc1ncc(cc1C(=O)NC12CCC(CC1)(CC2)O)c1ccc(cc1)[C@]12CN(C[C@H]1C2)C1CCOCC1,,
-,,CC-99677,1,,CCOCc1cnc(nc1Oc1nc2c(cc1)c1c(cc2)sc2c1NC[C@H](NC2=O)C)Cl,,
-,,CHF-6297	CHI 91040,1.5,,O=C(Nc1cc(C(C)(C)C)nn1c1cn(CCN(C)C)nc1)N[C@H]1CC[C@@H](Oc2ccc3n(c2)c(nn3)N2[C@@H](C)CCCC2)c2c1cccc2,,
-,,GNE-0877	DNL201,1,,CC1=NN(C=C1NC2=NC=C(C(=N2)NC)C(F)(F)F)C(C)(C)C#N,,TVT
Exarafenib,,KIN-2787,1,,Cc1c(cc(cc1)NC(=O)N1CC[C@H](C1)CC(F)(F)F)c1cc(nc(c1)N1CCOCC1)N[C@H](C)CO,,
Lisaftoclax,,APG-2575	APG 2575,1.5,,O=C(NS(=O)(C1=CC=C(NC[C@@H]2OCCOC2)C([N+]([O-])=O)=C1)=O)C3=CC=C(N4CCN(CC(CC5)=C(C6=CC=C(Cl)C=C6)CC75CCC7)CC4)C=C3OC8=CN=C(NC=C9)C9=C8,CHEMBL4650374,
Larotinib,,,1,,COc3cc2ncnc(Nc1ccc(F)c(Cl)c1)c2cc3OCCCN5C[C@H]4OCCO[C@H]4C5,,
-,,AMP945,1.5,,CN1CCC(CC1)c2ccc(c(c2)OC)Nc3ncc(c(CCc4ccccc4CC(=N)O)n3)C(F)(F)F,,
-,,EP0042,1.5,,CN1C=C(C(C)=N1)C1=NC2=C(N1)N=CC(Cl)=C2N1CCN(CC2=CC=C(Cl)C=C2)CC1,CHEMBL2207503,
-,,GSK3923868,1,,Cc1c(C(N([C@H](CO)C)C)=O)cc(c(c(C)n2)c3n2c(NCc4cc(c5n(C)ccn5)ccc4)cc(C(C)(O)C)n3)cc1,,
Paltimatrectinib,,PBI-200,1.5,,C1C[C@@H](N(C1)C2=NC3=C(C=NN3C=C2)N4C=C(C=N4)C(F)(F)F)C5=C(C=CC(=C5)F)F,,
-,,KER-047,1,,CN1CCN(CC1)C2CCN(CC2)C3=CN4C(=C(C=N4)C5=C6C=C(C(=CC6=NC=C5)F)OC)N=C3,,
Enbezotinib,,TPX-0046,1.5,,C[C@H]1CNC(=O)C2=C3N=C4C(=CN3N=C2)O[C@H]5CCC[C@H]5N4CC6=C(O1)N=CC(=C6)F,,
Ansornitinib,,ANG-3070,2,,CN(CC1)CCN1CC(N(C)C(C=C2)=CC=C2N/C(C3=CC=CC=C3)=C4C5=CC=C(C(OC)=O)N=C5NC/4=O)=O,,
-,,NXP900	eCF506,1,,COc4cc(c2nn(CCN1CCC(N(C)C)CC1)c3ncnc(N)c23)ccc4NC(=O)OC(C)(C)C,CHEMBL3824089,UCW
-,,JNJ-64264681	JNJ64264681,1,,C=CC(=O)N[C@H]1CCC[C@H]1NC(=O)c1sc2nccc3c2c1[nH]c(=O)n3c1cnc(cc1C)CC(C)C,,
-,,SIR1-365	SIR1365,1,,CCC(C)(C)C(=O)N(O)Cc1cc(F)cc(F)c1,,
Dorzagliatin,,HMS-5552	HMS5552	RO-5305552	RO5305552	Sinogliatin,3,,CC(C)C[C@@H](C(=O)Nc1nn(cc1)C[C@H](CO)O)N1CC(=CC1=O)Oc1ccccc1Cl,CHEMBL4297508,
Pirotinib,,KBP-5209,2,,CN1CCC2(CC1)CC(C2)COc3cc4c(cc3NC(=O)C=C)c(ncn4)Nc5ccc(c(c5)Cl)F,,
Emprumapimod,,PF-06802861	PF-07265803,0,,CC(C)CN1C2=CC(C(N[C@H](C(N)=O)CCN(C)C)=O)=C(OC3=C(C=C(C=C3)F)F)C=C2C=N1,,
Tinlorafenib,,ARRY-461	ARRY461	PF-07284890	PF07284890,1,,Clc1c(ccc(c1Nc1c(c2c(=O)n(cnc2cc1)C)C)F)NS(=O)(=O)CCCF,,
Asnuciclib,,Sunaciclib	CDKI-73,1,,Cc1c(sc(n1)NC)c1nc(ncc1F)Nc1cc(ccc1)S(=O)(=O)N,CHEMBL2347597,
Risvodetinib,,IkT-148009,2,,O=C(NC1=CC=C(C)C(NC2=NC=CC(C3=CC(C4=C(C)C=NO4)=CN=C3)=N2)=C1)C5=CC=C(CN6CCN(C)CC6)C=C5,,
Tunlametinib,,HL-085	HL085,2,,O=C(NOCCO)c1cc2scnc2c(F)c1Nc1ccc(I)cc1F,CHEMBL5095241,
Tuvusertib,,M1774	M-1774	M 1774,2,,CN1C=NC=C1C1C(=CN=CC=1F)NC(=O)C1=C2N=CC(F)=CN2N=C1N,,
Zurletrectinib,,ICP-723,2,,C[C@H]1CNC(=O)Nc2cnn3ccc(nc23)N2C[C@@H](F)C[C@@H]2c2cc(F)cnc2O1,CHEMBL5095426,
Denfivontinib,,DENFIVONTINIB	G-749	G-801	SKI-G-801,1,,CN1CCC(Nc2nc(Nc3ccc(Oc4ccccc4)cc3)c3c(=O)[nH]cc(Br)c3n2)CC1,CHEMBL4544478,
Edecesertib,,GS-5718	GS 5718,2,,C[C@H](C#N)Nc1cc(-c2ccc3cc(C#N)cnn23)ncc1C(=O)NC[C@@H](F)C(C)(C)O,CHEMBL5095097,
Plogosertib,,CYC140,1.5,,O=C1C2(CC2)CN(C3CCCC3)C4=NC(NC5=C(C=C(C=C5)C(N[C@@H]6CC[C@@H](N7CCN(CC7)C)CC6)=O)OC)=NC=C4N1C,,
Ulecaciclib,,Auceliciclib	AU3-14,1.5,,CCN1CCN(CC1)CC2=CN=C(C=C2)NC3=NC=C(C(=N3)C4=C(N=C(S4)NC5CCCC5)C)F,CHEMBL4067549,
Unecritinib,,TQ-B3101,2,,C[C@H](C1=C(C(F)=CC=C1Cl)Cl)OC2=CC(C3=CN(C4CCNCC4)N=C3)=CN=C2NC(C)=O,,
Lirafugratinib,,RLY-4008,2,,CC1=NC(=NC=C1)OC2=C(C=C(C=C2)C3=C(N(C4=NC=NC(=C34)N)C)C5=CC=C(C=C5)NC(=O)C(=C)C)F,,WCJ
Boditrectinib,,AUM601	AUM-601	CHC 2014	CHC2014	HL5101	HL 5101	NOV-1601	NOV 1601,1,,C1C[C@@H](N(C1)c1nc2c(cnn2cc1)/C=C/C(=O)N1CCNCC1)c1c(ccc(c1)F)F,,
-,,CT-1578	CT 1578	SB 1578,1,,C1=C/COCc2cc(ccc2OCCN2CCCC2)Nc2nccc(n2)-c2ccc(o2)COC/1,CHEMBL2035185,
-,,XL-418,1,,Cc1c(NCCN2CCCC2)cc(C(=O)CCC(F)(F)F)cc1N1CCN(c2ncnc3[nH]nc(Br)c23)CC1,CHEMBL2016893,
-,,XP-102,1.5,,CCCS(=O)(=O)Nc1ccc(F)c(-n2cc(-c3cncnc3)c3nc(N(C)C4CCN(CC)CC4)ccc32)c1F,CHEMBL4212692,54J
-,,BAY1217389	BAY-1217389	BAY 1217389,1,,COc1ccc(Oc2cc(NCCC(F)(F)F)c3ncc(-c4ccc(C(=O)NC5CC5)c(C)c4)n3n2)c(F)c1F,CHEMBL4456085,8RH
Pyrotinib,Irene,SHR-1258,4,2020 (NMPA),CCOc1cc2c(cc1NC(=O)/C=C/[C@H]3CCCN3C)c(c(cn2)C#N)Nc4ccc(c(c4)Cl)OCc5ccccn5,CHEMBL3647420,
Ripasudil,Glanatec,RIPASUDIL	K-115,4,2014 (PMDA),C[C@H]1CNCCCN1S(=O)(=O)c2cccc3c2c(cnc3)F,CHEMBL3426621,
Savolitinib,Orpathys,AZD-6094	AZD6094	HMPL-504	SAVOLITINIB	VOLITINIB	,4,2021 (NMPA),C[C@@H](c1ccc2nccn2c1)n3c4c(ncc(n4)c5cnn(c5)C)nn3,CHEMBL3334567,V0L
Momelotinib,Ojjaara,CYT-0387	CYT-11387	CYT-387	CYT387	GS-0387	MOMELOTINIB,4,2023,c1cc(ccc1c2ccnc(n2)Nc3ccc(cc3)N4CCOCC4)C(=O)NCC#N,CHEMBL1078178,C87
